tag,step,value,wall_time
time/fps,6144,791.0,1775339524.1513786
time/fps,12288,711.0,1775339533.6635664
time/fps,18432,723.0,1775339541.876103
time/fps,24576,729.0,1775339550.0844765
time/fps,30720,734.0,1775339558.2216349
time/fps,36864,738.0,1775339566.3160026
time/fps,43008,739.0,1775339574.5213313
time/fps,49152,740.0,1775339582.718404
time/fps,55296,506.0,1775339625.532925
time/fps,61440,521.0,1775339634.153888
time/fps,67584,534.0,1775339642.9297493
time/fps,73728,543.0,1775339652.017048
time/fps,79872,550.0,1775339661.4695902
time/fps,86016,563.0,1775339669.0574303
time/fps,92160,574.0,1775339676.7397223
time/fps,98304,582.0,1775339685.0034645
time/fps,104448,502.0,1775339724.4084716
time/fps,110592,512.0,1775339732.2899241
time/fps,116736,521.0,1775339740.2050033
time/fps,122880,530.0,1775339748.1544454
time/fps,129024,538.0,1775339756.1254203
time/fps,135168,545.0,1775339764.260929
time/fps,141312,552.0,1775339772.1689808
time/fps,147456,559.0,1775339780.1187162
time/fps,153600,501.0,1775339822.5931342
time/fps,159744,507.0,1775339831.4142144
time/fps,165888,512.0,1775339840.0908005
time/fps,172032,518.0,1775339848.1541514
time/fps,178176,524.0,1775339856.381523
time/fps,184320,529.0,1775339864.302029
time/fps,190464,535.0,1775339872.3641083
time/fps,196608,540.0,1775339880.444365
time/fps,202752,501.0,1775339920.4998257
time/fps,208896,506.0,1775339928.7610717
time/fps,215040,511.0,1775339937.1547673
time/fps,221184,515.0,1775339945.560129
time/fps,227328,519.0,1775339953.6886861
time/fps,233472,524.0,1775339961.76929
time/fps,239616,528.0,1775339970.145451
time/fps,245760,531.0,1775339978.4766443
time/fps,251904,500.0,1775340019.402198
time/fps,258048,504.0,1775340027.9702587
time/fps,264192,507.0,1775340036.6710587
time/fps,270336,511.0,1775340044.9749799
time/fps,276480,515.0,1775340052.964819
time/fps,282624,518.0,1775340061.132885
time/fps,288768,522.0,1775340069.4598265
time/fps,294912,525.0,1775340077.867233
time/fps,301056,499.0,1775340118.6438813
time/fps,307200,502.0,1775340127.8472972
time/fps,313344,504.0,1775340137.789151
time/fps,319488,507.0,1775340146.2576206
time/fps,325632,509.0,1775340154.9598954
time/fps,331776,512.0,1775340163.758425
time/fps,337920,515.0,1775340172.429636
time/fps,344064,517.0,1775340181.0083525
time/fps,350208,494.0,1775340224.566793
time/fps,356352,497.0,1775340233.0446036
time/fps,362496,499.0,1775340241.4502335
time/fps,368640,502.0,1775340250.0754316
time/fps,374784,504.0,1775340258.8109255
time/fps,380928,507.0,1775340267.421823
time/fps,387072,509.0,1775340275.9750588
time/fps,393216,511.0,1775340285.1459937
time/fps,399360,513.0,1775340293.5930166
time/fps,405504,496.0,1775340333.69135
time/fps,411648,498.0,1775340342.785389
time/fps,417792,500.0,1775340351.3973255
time/fps,423936,502.0,1775340360.342275
time/fps,430080,504.0,1775340369.35727
time/fps,436224,506.0,1775340378.213039
time/fps,442368,507.0,1775340387.6746864
time/fps,448512,509.0,1775340396.9159276
time/fps,454656,493.0,1775340437.1864376
time/fps,460800,495.0,1775340447.2361321
time/fps,466944,496.0,1775340456.9372916
time/fps,473088,498.0,1775340465.6611507
time/fps,479232,500.0,1775340474.295395
time/fps,485376,502.0,1775340483.0221078
time/fps,491520,503.0,1775340491.6693146
time/fps,497664,505.0,1775340500.4661007
time/fps,503808,490.0,1775340542.500727
time/fps,509952,492.0,1775340551.0388222
time/fps,516096,494.0,1775340559.5500073
time/fps,522240,496.0,1775340568.0363407
time/fps,528384,498.0,1775340576.23036
time/fps,534528,500.0,1775340584.6819062
time/fps,540672,502.0,1775340592.7101698
time/fps,546816,504.0,1775340600.949742
time/fps,552960,490.0,1775340643.1135654
time/fps,559104,492.0,1775340651.4444628
time/fps,565248,494.0,1775340659.7838314
time/fps,571392,496.0,1775340668.2635813
time/fps,577536,497.0,1775340676.7834094
time/fps,583680,499.0,1775340684.999463
time/fps,589824,501.0,1775340693.4913318
time/fps,595968,502.0,1775340701.7493546
time/fps,602112,490.0,1775340745.1070402
time/fps,608256,491.0,1775340753.2940686
time/fps,614400,493.0,1775340761.6779797
time/fps,620544,494.0,1775340770.2126942
time/fps,626688,496.0,1775340779.0251598
time/fps,632832,497.0,1775340787.8697834
time/fps,638976,498.0,1775340797.3190036
time/fps,645120,499.0,1775340807.1996868
time/fps,651264,489.0,1775340846.6830065
time/fps,657408,490.0,1775340855.343463
time/fps,663552,492.0,1775340864.3939304
time/fps,669696,493.0,1775340873.2597106
time/fps,675840,494.0,1775340882.5820293
time/fps,681984,495.0,1775340891.6605685
time/fps,688128,497.0,1775340899.9243352
time/fps,694272,498.0,1775340908.388558
time/fps,700416,488.0,1775340950.6302063
time/fps,706560,489.0,1775340959.2443671
time/fps,712704,490.0,1775340967.9310799
time/fps,718848,492.0,1775340976.6448028
time/fps,724992,493.0,1775340985.4778922
time/fps,731136,494.0,1775340994.0195682
time/fps,737280,496.0,1775341002.44936
time/fps,743424,497.0,1775341010.8285146
time/fps,749568,498.0,1775341019.7492287
time/fps,755712,489.0,1775341061.0004976
time/fps,761856,490.0,1775341069.5484402
time/fps,768000,491.0,1775341078.2736735
time/fps,774144,492.0,1775341087.1165416
time/fps,780288,494.0,1775341095.5832438
time/fps,786432,495.0,1775341104.207636
time/fps,792576,496.0,1775341113.0624683
time/fps,798720,497.0,1775341121.737499
time/fps,804864,487.0,1775341167.1517906
time/fps,811008,488.0,1775341175.6659753
time/fps,817152,489.0,1775341184.0472136
time/fps,823296,491.0,1775341192.3767085
time/fps,829440,492.0,1775341200.5274103
time/fps,835584,493.0,1775341208.9517183
time/fps,841728,494.0,1775341217.5112004
time/fps,847872,495.0,1775341226.9419
time/fps,854016,486.0,1775341270.5727215
time/fps,860160,488.0,1775341278.9398062
time/fps,866304,489.0,1775341287.7488801
time/fps,872448,490.0,1775341296.396306
time/fps,878592,491.0,1775341304.9449627
time/fps,884736,491.0,1775341314.7904184
time/fps,890880,492.0,1775341325.6642275
time/fps,897024,493.0,1775341334.3383937
time/fps,903168,485.0,1775341375.9853828
time/fps,909312,486.0,1775341385.3692634
time/fps,915456,487.0,1775341395.9593034
time/fps,921600,487.0,1775341405.50258
time/fps,927744,488.0,1775341414.837608
time/fps,933888,489.0,1775341423.7602327
time/fps,940032,490.0,1775341432.8467553
time/fps,946176,491.0,1775341442.1728523
time/fps,952320,484.0,1775341482.3040621
time/fps,958464,485.0,1775341491.2228239
time/fps,964608,486.0,1775341500.1880033
time/fps,970752,487.0,1775341509.1449602
time/fps,976896,488.0,1775341517.9917698
time/fps,983040,488.0,1775341526.906582
time/fps,989184,489.0,1775341535.711334
time/fps,995328,490.0,1775341544.5180116
time/fps,1001472,484.0,1775341583.8763208
train/approx_kl,12288,0.016110332682728767,1775339533.6636055
train/approx_kl,18432,0.009793971665203571,1775339541.8761425
train/approx_kl,24576,0.006677659694105387,1775339550.0845213
train/approx_kl,30720,0.006375486496835947,1775339558.2216752
train/approx_kl,36864,0.006073629949241877,1775339566.3160422
train/approx_kl,43008,0.007063961122184992,1775339574.52137
train/approx_kl,49152,0.006117925047874451,1775339582.7184417
train/approx_kl,49998,0.006604281719774008,1775339619.6230347
train/approx_kl,61440,0.006675224285572767,1775339634.1539254
train/approx_kl,67584,0.007291421294212341,1775339642.929786
train/approx_kl,73728,0.00618565222248435,1775339652.0170903
train/approx_kl,79872,0.006047263275831938,1775339661.469627
train/approx_kl,86016,0.006018195301294327,1775339669.0574665
train/approx_kl,92160,0.005596484523266554,1775339676.7397592
train/approx_kl,98304,0.0066791498102247715,1775339685.0035055
train/approx_kl,99996,0.00722671439871192,1775339720.090443
train/approx_kl,110592,0.005833338480442762,1775339732.2899618
train/approx_kl,116736,0.006644324865192175,1775339740.205041
train/approx_kl,122880,0.006148315966129303,1775339748.1544824
train/approx_kl,129024,0.00611700676381588,1775339756.1254575
train/approx_kl,135168,0.007501911371946335,1775339764.2609656
train/approx_kl,141312,0.004813164006918669,1775339772.1690168
train/approx_kl,147456,0.005477430764585733,1775339780.1187546
train/approx_kl,149994,0.005964071024209261,1775339817.9400916
train/approx_kl,159744,0.006254711654037237,1775339831.4142616
train/approx_kl,165888,0.006277829874306917,1775339840.0908375
train/approx_kl,172032,0.006499612238258123,1775339848.1541898
train/approx_kl,178176,0.005579061806201935,1775339856.3815653
train/approx_kl,184320,0.005821179132908583,1775339864.3020663
train/approx_kl,190464,0.005782911088317633,1775339872.3641524
train/approx_kl,196608,0.006669531110674143,1775339880.4444048
train/approx_kl,199992,0.006998477037996054,1775339917.6409364
train/approx_kl,208896,0.005785284098237753,1775339928.7611105
train/approx_kl,215040,0.005663931369781494,1775339937.154806
train/approx_kl,221184,0.0058855884708464146,1775339945.5601664
train/approx_kl,227328,0.005652915686368942,1775339953.688724
train/approx_kl,233472,0.006347560789436102,1775339961.7693274
train/approx_kl,239616,0.005051036830991507,1775339970.1454887
train/approx_kl,245760,0.006795293185859919,1775339978.4766808
train/approx_kl,249990,0.004266838077455759,1775340017.2028835
train/approx_kl,258048,0.006795621011406183,1775340027.9702957
train/approx_kl,264192,0.005476506892591715,1775340036.6710975
train/approx_kl,270336,0.0048904758878052235,1775340044.9750197
train/approx_kl,276480,0.005378890782594681,1775340052.9648535
train/approx_kl,282624,0.006145445164293051,1775340061.132923
train/approx_kl,288768,0.007218442857265472,1775340069.4598625
train/approx_kl,294912,0.005155122373253107,1775340077.8672726
train/approx_kl,299988,0.005578582640737295,1775340117.4538395
train/approx_kl,307200,0.0047515504993498325,1775340127.8473442
train/approx_kl,313344,0.004669074434787035,1775340137.789189
train/approx_kl,319488,0.00370636279694736,1775340146.25766
train/approx_kl,325632,0.004478141199797392,1775340154.9599347
train/approx_kl,331776,0.00502394512295723,1775340163.758464
train/approx_kl,337920,0.004842179361730814,1775340172.4296734
train/approx_kl,344064,0.004748539067804813,1775340181.0083897
train/approx_kl,349986,0.005189580377191305,1775340224.3111808
train/approx_kl,356352,0.0057806833647191525,1775340233.044652
train/approx_kl,362496,0.005414188373833895,1775340241.4502711
train/approx_kl,368640,0.004383588209748268,1775340250.075471
train/approx_kl,374784,0.005495102610439062,1775340258.8109624
train/approx_kl,380928,0.0050540524534881115,1775340267.4218607
train/approx_kl,387072,0.0038115677889436483,1775340275.9750955
train/approx_kl,393216,0.004883691668510437,1775340285.1460419
train/approx_kl,399360,0.0044554113410413265,1775340293.5930536
train/approx_kl,399984,0.004414575174450874,1775340327.6387007
train/approx_kl,411648,0.0035661186557263136,1775340342.785426
train/approx_kl,417792,0.005067715886980295,1775340351.397362
train/approx_kl,423936,0.004744400270283222,1775340360.342312
train/approx_kl,430080,0.0033373006153851748,1775340369.3573112
train/approx_kl,436224,0.0043007684871554375,1775340378.2130795
train/approx_kl,442368,0.004831885918974876,1775340387.6747234
train/approx_kl,448512,0.0049574729055166245,1775340396.9159644
train/approx_kl,449982,0.004192118998616934,1775340431.9876406
train/approx_kl,460800,0.00388188729993999,1775340447.236173
train/approx_kl,466944,0.003770501120015979,1775340456.9373262
train/approx_kl,473088,0.003736647544428706,1775340465.661194
train/approx_kl,479232,0.00561310350894928,1775340474.2954347
train/approx_kl,485376,0.005319325719028711,1775340483.0221472
train/approx_kl,491520,0.004967198241502047,1775340491.6693516
train/approx_kl,497664,0.004628146067261696,1775340500.4661412
train/approx_kl,499980,0.005236759316176176,1775340538.6663811
train/approx_kl,509952,0.00405161501839757,1775340551.0388613
train/approx_kl,516096,0.005468316841870546,1775340559.550049
train/approx_kl,522240,0.0030752059537917376,1775340568.0363777
train/approx_kl,528384,0.004652959294617176,1775340576.2303946
train/approx_kl,534528,0.004246800672262907,1775340584.6819446
train/approx_kl,540672,0.004078527446836233,1775340592.71021
train/approx_kl,546816,0.004795474465936422,1775340600.9497778
train/approx_kl,549978,0.004580974578857422,1775340639.9959006
train/approx_kl,559104,0.004015673417598009,1775340651.4445045
train/approx_kl,565248,0.004354226868599653,1775340659.7838702
train/approx_kl,571392,0.004766440484672785,1775340668.2636218
train/approx_kl,577536,0.004434023518115282,1775340676.7834501
train/approx_kl,583680,0.004756310489028692,1775340684.9995031
train/approx_kl,589824,0.004801780916750431,1775340693.4913683
train/approx_kl,595968,0.003156118793413043,1775340701.7493916
train/approx_kl,599976,0.004060658160597086,1775340742.988686
train/approx_kl,608256,0.004412958864122629,1775340753.2941074
train/approx_kl,614400,0.004308067727833986,1775340761.6780245
train/approx_kl,620544,0.005303772632032633,1775340770.212734
train/approx_kl,626688,0.004137466661632061,1775340779.025229
train/approx_kl,632832,0.004349096212536097,1775340787.8698223
train/approx_kl,638976,0.005142028909176588,1775340797.319043
train/approx_kl,645120,0.00505767622962594,1775340807.199723
train/approx_kl,649974,0.003961735870689154,1775340845.2825873
train/approx_kl,657408,0.005294492933899164,1775340855.343503
train/approx_kl,663552,0.004020696971565485,1775340864.393965
train/approx_kl,669696,0.0031963959336280823,1775340873.25975
train/approx_kl,675840,0.0029598213732242584,1775340882.5820978
train/approx_kl,681984,0.0032275274861603975,1775340891.6606126
train/approx_kl,688128,0.004113369155675173,1775340899.9243937
train/approx_kl,694272,0.0045592146925628185,1775340908.3885946
train/approx_kl,699972,0.005006774328649044,1775340950.1747785
train/approx_kl,706560,0.0037674058694392443,1775340959.2444036
train/approx_kl,712704,0.004640758968889713,1775340967.9311166
train/approx_kl,718848,0.0037157025653868914,1775340976.6448436
train/approx_kl,724992,0.003323327051475644,1775340985.4779303
train/approx_kl,731136,0.003077935427427292,1775340994.0196047
train/approx_kl,737280,0.005577439442276955,1775341002.4493983
train/approx_kl,743424,0.003997714724391699,1775341010.8285537
train/approx_kl,749568,0.004413241986185312,1775341019.7492657
train/approx_kl,749970,0.003576632821932435,1775341055.0105689
train/approx_kl,761856,0.0044844672083854675,1775341069.548477
train/approx_kl,768000,0.003789421170949936,1775341078.2737184
train/approx_kl,774144,0.0032113909255713224,1775341087.1165786
train/approx_kl,780288,0.0033380233217030764,1775341095.5832822
train/approx_kl,786432,0.0030334091279655695,1775341104.2076824
train/approx_kl,792576,0.003955223131924868,1775341113.0625055
train/approx_kl,798720,0.003082245821133256,1775341121.7375367
train/approx_kl,799968,0.004063308704644442,1775341161.9688807
train/approx_kl,811008,0.0035352723207324743,1775341175.6660137
train/approx_kl,817152,0.00273050251416862,1775341184.0472515
train/approx_kl,823296,0.0037486639339476824,1775341192.376746
train/approx_kl,829440,0.0028116286266595125,1775341200.52745
train/approx_kl,835584,0.0031475822906941175,1775341208.9517555
train/approx_kl,841728,0.002154560061171651,1775341217.5112383
train/approx_kl,847872,0.003246816573664546,1775341226.9419515
train/approx_kl,849966,0.0033529046922922134,1775341266.4916093
train/approx_kl,860160,0.002771461382508278,1775341278.9398515
train/approx_kl,866304,0.004242695868015289,1775341287.7489176
train/approx_kl,872448,0.0031963512301445007,1775341296.3963437
train/approx_kl,878592,0.0033936493564397097,1775341304.9450004
train/approx_kl,884736,0.003178684739395976,1775341314.790463
train/approx_kl,890880,0.0023668932262808084,1775341325.6642663
train/approx_kl,897024,0.004552673548460007,1775341334.3384354
train/approx_kl,899964,0.002855181461200118,1775341372.586994
train/approx_kl,909312,0.0034792993683367968,1775341385.3692997
train/approx_kl,915456,0.0022254835348576307,1775341395.9593499
train/approx_kl,921600,0.001907981582917273,1775341405.5026155
train/approx_kl,927744,0.002309104660525918,1775341414.837656
train/approx_kl,933888,0.0017485677963122725,1775341423.7602715
train/approx_kl,940032,0.0031764351297169924,1775341432.8467999
train/approx_kl,946176,0.0021687818225473166,1775341442.1729004
train/approx_kl,949962,0.002908889204263687,1775341479.6471016
train/approx_kl,958464,0.00041222746949642897,1775341491.222865
train/approx_kl,964608,0.0010553030297160149,1775341500.1880577
train/approx_kl,970752,0.0006752586341463029,1775341509.1449957
train/approx_kl,976896,0.0007482473156414926,1775341517.9918084
train/approx_kl,983040,0.00030009890906512737,1775341526.9066188
train/approx_kl,989184,7.686277240281925e-05,1775341535.7113717
train/approx_kl,995328,3.767386078834534e-05,1775341544.5180554
train/approx_kl,999960,9.915848750097211e-06,1775341582.2027621
train/clip_fraction,12288,0.14199218153953552,1775339533.6636229
train/clip_fraction,18432,0.10120442509651184,1775339541.8761601
train/clip_fraction,24576,0.05016275867819786,1775339550.0845392
train/clip_fraction,30720,0.04472656175494194,1775339558.2216923
train/clip_fraction,36864,0.04638671875,1775339566.3160589
train/clip_fraction,43008,0.0509440116584301,1775339574.5213876
train/clip_fraction,49152,0.03509114682674408,1775339582.718459
train/clip_fraction,49998,0.05156249925494194,1775339619.6232867
train/clip_fraction,61440,0.04501952975988388,1775339634.1539419
train/clip_fraction,67584,0.05169270932674408,1775339642.9298034
train/clip_fraction,73728,0.04635416716337204,1775339652.0171077
train/clip_fraction,79872,0.05071614682674408,1775339661.4696438
train/clip_fraction,86016,0.03515625,1775339669.0574834
train/clip_fraction,92160,0.0418294258415699,1775339676.7397757
train/clip_fraction,98304,0.05449218675494194,1775339685.0035224
train/clip_fraction,99996,0.05771484225988388,1775339720.0907164
train/clip_fraction,110592,0.0403645820915699,1775339732.289978
train/clip_fraction,116736,0.05198567733168602,1775339740.205058
train/clip_fraction,122880,0.04251302033662796,1775339748.154499
train/clip_fraction,129024,0.04274088516831398,1775339756.1254742
train/clip_fraction,135168,0.06145833432674408,1775339764.260982
train/clip_fraction,141312,0.03173828125,1775339772.1690335
train/clip_fraction,147456,0.05211588367819786,1775339780.1187716
train/clip_fraction,149994,0.04371744766831398,1775339817.9403205
train/clip_fraction,159744,0.05335286632180214,1775339831.4142787
train/clip_fraction,165888,0.04440104216337204,1775339840.0908542
train/clip_fraction,172032,0.05895182117819786,1775339848.1542072
train/clip_fraction,178176,0.04840494692325592,1775339856.3815832
train/clip_fraction,184320,0.04791666567325592,1775339864.3020833
train/clip_fraction,190464,0.05214843899011612,1775339872.3641706
train/clip_fraction,196608,0.06490885466337204,1775339880.4444206
train/clip_fraction,199992,0.05901692807674408,1775339917.6412048
train/clip_fraction,208896,0.05091146007180214,1775339928.7611272
train/clip_fraction,215040,0.05201822891831398,1775339937.1548228
train/clip_fraction,221184,0.05074869841337204,1775339945.560183
train/clip_fraction,227328,0.05445963516831398,1775339953.6887398
train/clip_fraction,233472,0.06116536632180214,1775339961.769345
train/clip_fraction,239616,0.04222005233168602,1775339970.1455054
train/clip_fraction,245760,0.05299479141831398,1775339978.476698
train/clip_fraction,249990,0.0400390625,1775340017.203117
train/clip_fraction,258048,0.0548502616584301,1775340027.9703119
train/clip_fraction,264192,0.04534505307674408,1775340036.6711142
train/clip_fraction,270336,0.04931640625,1775340044.975037
train/clip_fraction,276480,0.05693359300494194,1775340052.9648702
train/clip_fraction,282624,0.05683593824505806,1775340061.1329396
train/clip_fraction,288768,0.07099609076976776,1775340069.4598787
train/clip_fraction,294912,0.03886718675494194,1775340077.8672893
train/clip_fraction,299988,0.0450846366584301,1775340117.4541624
train/clip_fraction,307200,0.04944661632180214,1775340127.847362
train/clip_fraction,313344,0.04680989682674408,1775340137.789206
train/clip_fraction,319488,0.02568359300494194,1775340146.257677
train/clip_fraction,325632,0.03203124925494194,1775340154.9599528
train/clip_fraction,331776,0.04436849057674408,1775340163.7584805
train/clip_fraction,337920,0.04000651091337204,1775340172.4296908
train/clip_fraction,344064,0.0460611991584301,1775340181.0084054
train/clip_fraction,349986,0.05078125,1775340224.3134336
train/clip_fraction,356352,0.04762369766831398,1775340233.0446713
train/clip_fraction,362496,0.05130208283662796,1775340241.4502883
train/clip_fraction,368640,0.0398763008415699,1775340250.0754874
train/clip_fraction,374784,0.04651692882180214,1775340258.8109794
train/clip_fraction,380928,0.05423177033662796,1775340267.4218776
train/clip_fraction,387072,0.0224609375,1775340275.9751122
train/clip_fraction,393216,0.04472656175494194,1775340285.1460624
train/clip_fraction,399360,0.02998046949505806,1775340293.59307
train/clip_fraction,399984,0.03343098983168602,1775340327.6389773
train/clip_fraction,411648,0.02005208283662796,1775340342.7854428
train/clip_fraction,417792,0.03997395932674408,1775340351.3973792
train/clip_fraction,423936,0.03089192695915699,1775340360.3423285
train/clip_fraction,430080,0.02490234375,1775340369.3573284
train/clip_fraction,436224,0.03753255307674408,1775340378.2130969
train/clip_fraction,442368,0.04661458358168602,1775340387.6747396
train/clip_fraction,448512,0.04127604141831398,1775340396.915981
train/clip_fraction,449982,0.03209635242819786,1775340431.9878778
train/clip_fraction,460800,0.04417317733168602,1775340447.2361908
train/clip_fraction,466944,0.02412109449505806,1775340456.9373426
train/clip_fraction,473088,0.02171223983168602,1775340465.661212
train/clip_fraction,479232,0.04114583507180214,1775340474.2954514
train/clip_fraction,485376,0.04397786408662796,1775340483.0221636
train/clip_fraction,491520,0.03854166716337204,1775340491.6693685
train/clip_fraction,497664,0.02887369878590107,1775340500.4661582
train/clip_fraction,499980,0.04274088516831398,1775340538.6666148
train/clip_fraction,509952,0.03369140625,1775340551.0388775
train/clip_fraction,516096,0.05410156399011612,1775340559.5500662
train/clip_fraction,522240,0.02740885503590107,1775340568.0363944
train/clip_fraction,528384,0.04440104216337204,1775340576.2304115
train/clip_fraction,534528,0.02298177033662796,1775340584.6819615
train/clip_fraction,540672,0.02347005158662796,1775340592.7102273
train/clip_fraction,546816,0.04501952975988388,1775340600.949795
train/clip_fraction,549978,0.03170572966337204,1775340639.9960988
train/clip_fraction,559104,0.02682291716337204,1775340651.444522
train/clip_fraction,565248,0.02900390699505806,1775340659.7838879
train/clip_fraction,571392,0.03076171875,1775340668.2636392
train/clip_fraction,577536,0.03131510317325592,1775340676.7834673
train/clip_fraction,583680,0.04222005233168602,1775340684.9995198
train/clip_fraction,589824,0.04156900942325592,1775340693.491385
train/clip_fraction,595968,0.02750650979578495,1775340701.7494085
train/clip_fraction,599976,0.02229817770421505,1775340742.9889472
train/clip_fraction,608256,0.02760416641831398,1775340753.2941244
train/clip_fraction,614400,0.02958984300494194,1775340761.6780424
train/clip_fraction,620544,0.03164062649011612,1775340770.212751
train/clip_fraction,626688,0.03053385391831398,1775340779.0252545
train/clip_fraction,632832,0.02646484412252903,1775340787.869839
train/clip_fraction,638976,0.03759765625,1775340797.31906
train/clip_fraction,645120,0.0411783866584301,1775340807.1997392
train/clip_fraction,649974,0.01975911483168602,1775340845.282929
train/clip_fraction,657408,0.0392252616584301,1775340855.3435202
train/clip_fraction,663552,0.02958984300494194,1775340864.393982
train/clip_fraction,669696,0.01624348945915699,1775340873.2597675
train/clip_fraction,675840,0.01891276054084301,1775340882.5821295
train/clip_fraction,681984,0.01731770858168602,1775340891.66063
train/clip_fraction,688128,0.03391927108168602,1775340899.9244184
train/clip_fraction,694272,0.02184244804084301,1775340908.3886113
train/clip_fraction,699972,0.03170572966337204,1775340950.1750643
train/clip_fraction,706560,0.03570963442325592,1775340959.2444198
train/clip_fraction,712704,0.04195963591337204,1775340967.9311337
train/clip_fraction,718848,0.014485676772892475,1775340976.6448605
train/clip_fraction,724992,0.01796874962747097,1775340985.477947
train/clip_fraction,731136,0.01995442621409893,1775340994.0196218
train/clip_fraction,737280,0.0338541679084301,1775341002.449415
train/clip_fraction,743424,0.02483723871409893,1775341010.8285706
train/clip_fraction,749568,0.02151692658662796,1775341019.7492816
train/clip_fraction,749970,0.011751302517950535,1775341055.0109437
train/clip_fraction,761856,0.02483723871409893,1775341069.5484936
train/clip_fraction,768000,0.02434895746409893,1775341078.2737358
train/clip_fraction,774144,0.01608072966337204,1775341087.1165955
train/clip_fraction,780288,0.02021484449505806,1775341095.5832996
train/clip_fraction,786432,0.014322916977107525,1775341104.2077017
train/clip_fraction,792576,0.02324218675494194,1775341113.0625217
train/clip_fraction,798720,0.00937500037252903,1775341121.7375534
train/clip_fraction,799968,0.0166015625,1775341161.969156
train/clip_fraction,811008,0.02197265625,1775341175.6660306
train/clip_fraction,817152,0.0063802083022892475,1775341184.0472684
train/clip_fraction,823296,0.010546875186264515,1775341192.3767624
train/clip_fraction,829440,0.011393229477107525,1775341200.5274673
train/clip_fraction,835584,0.005924479104578495,1775341208.9517715
train/clip_fraction,841728,0.0040039061568677425,1775341217.511255
train/clip_fraction,847872,0.005631510633975267,1775341226.9419718
train/clip_fraction,849966,0.010286458767950535,1775341266.4918563
train/clip_fraction,860160,0.004459635354578495,1775341278.9398715
train/clip_fraction,866304,0.015071614645421505,1775341287.7489352
train/clip_fraction,872448,0.0087890625,1775341296.396361
train/clip_fraction,878592,0.006282552145421505,1775341304.9450169
train/clip_fraction,884736,0.0068359375,1775341314.7904809
train/clip_fraction,890880,0.0028971354477107525,1775341325.6642833
train/clip_fraction,897024,0.01598307304084301,1775341334.3384523
train/clip_fraction,899964,0.0047200522385537624,1775341372.587177
train/clip_fraction,909312,0.0058919270522892475,1775341385.3693154
train/clip_fraction,915456,0.0044921874068677425,1775341395.959368
train/clip_fraction,921600,0.0031250000465661287,1775341405.5026321
train/clip_fraction,927744,0.002376302145421505,1775341414.8376837
train/clip_fraction,933888,0.00045572916860692203,1775341423.7602885
train/clip_fraction,940032,0.0044921874068677425,1775341432.8468175
train/clip_fraction,946176,0.0002604166802484542,1775341442.1729221
train/clip_fraction,949962,0.0027018229011446238,1775341479.6473672
train/clip_fraction,958464,0.0,1775341491.2228827
train/clip_fraction,964608,0.00032552084303461015,1775341500.188078
train/clip_fraction,970752,0.0,1775341509.1450121
train/clip_fraction,976896,0.0003906250058207661,1775341517.991825
train/clip_fraction,983040,0.0,1775341526.906636
train/clip_fraction,989184,0.0,1775341535.7113876
train/clip_fraction,995328,0.0,1775341544.5180733
train/clip_fraction,999960,0.0,1775341582.2030315
train/clip_range,12288,0.20000000298023224,1775339533.6636386
train/clip_range,18432,0.20000000298023224,1775339541.8761754
train/clip_range,24576,0.20000000298023224,1775339550.0845535
train/clip_range,30720,0.20000000298023224,1775339558.221707
train/clip_range,36864,0.20000000298023224,1775339566.3160727
train/clip_range,43008,0.20000000298023224,1775339574.5214021
train/clip_range,49152,0.20000000298023224,1775339582.7184732
train/clip_range,49998,0.20000000298023224,1775339619.6235282
train/clip_range,61440,0.20000000298023224,1775339634.153956
train/clip_range,67584,0.20000000298023224,1775339642.9298182
train/clip_range,73728,0.20000000298023224,1775339652.0171225
train/clip_range,79872,0.20000000298023224,1775339661.469658
train/clip_range,86016,0.20000000298023224,1775339669.0574985
train/clip_range,92160,0.20000000298023224,1775339676.73979
train/clip_range,98304,0.20000000298023224,1775339685.0035367
train/clip_range,99996,0.20000000298023224,1775339720.0909421
train/clip_range,110592,0.20000000298023224,1775339732.289992
train/clip_range,116736,0.20000000298023224,1775339740.2050724
train/clip_range,122880,0.20000000298023224,1775339748.1545131
train/clip_range,129024,0.20000000298023224,1775339756.1254883
train/clip_range,135168,0.20000000298023224,1775339764.260996
train/clip_range,141312,0.20000000298023224,1775339772.1690474
train/clip_range,147456,0.20000000298023224,1775339780.118786
train/clip_range,149994,0.20000000298023224,1775339817.9406095
train/clip_range,159744,0.20000000298023224,1775339831.4142935
train/clip_range,165888,0.20000000298023224,1775339840.0908685
train/clip_range,172032,0.20000000298023224,1775339848.1542222
train/clip_range,178176,0.20000000298023224,1775339856.3815982
train/clip_range,184320,0.20000000298023224,1775339864.3020973
train/clip_range,190464,0.20000000298023224,1775339872.3641849
train/clip_range,196608,0.20000000298023224,1775339880.4444351
train/clip_range,199992,0.20000000298023224,1775339917.6414418
train/clip_range,208896,0.20000000298023224,1775339928.7611415
train/clip_range,215040,0.20000000298023224,1775339937.1548378
train/clip_range,221184,0.20000000298023224,1775339945.5601974
train/clip_range,227328,0.20000000298023224,1775339953.6887538
train/clip_range,233472,0.20000000298023224,1775339961.7693603
train/clip_range,239616,0.20000000298023224,1775339970.1455202
train/clip_range,245760,0.20000000298023224,1775339978.4767122
train/clip_range,249990,0.20000000298023224,1775340017.2033715
train/clip_range,258048,0.20000000298023224,1775340027.9703262
train/clip_range,264192,0.20000000298023224,1775340036.6711287
train/clip_range,270336,0.20000000298023224,1775340044.9750514
train/clip_range,276480,0.20000000298023224,1775340052.964885
train/clip_range,282624,0.20000000298023224,1775340061.1329536
train/clip_range,288768,0.20000000298023224,1775340069.4598932
train/clip_range,294912,0.20000000298023224,1775340077.8673034
train/clip_range,299988,0.20000000298023224,1775340117.4545026
train/clip_range,307200,0.20000000298023224,1775340127.847377
train/clip_range,313344,0.20000000298023224,1775340137.7892203
train/clip_range,319488,0.20000000298023224,1775340146.2576916
train/clip_range,325632,0.20000000298023224,1775340154.9599671
train/clip_range,331776,0.20000000298023224,1775340163.758495
train/clip_range,337920,0.20000000298023224,1775340172.4297054
train/clip_range,344064,0.20000000298023224,1775340181.0084193
train/clip_range,349986,0.20000000298023224,1775340224.313774
train/clip_range,356352,0.20000000298023224,1775340233.0446868
train/clip_range,362496,0.20000000298023224,1775340241.450303
train/clip_range,368640,0.20000000298023224,1775340250.0755017
train/clip_range,374784,0.20000000298023224,1775340258.8109934
train/clip_range,380928,0.20000000298023224,1775340267.4218922
train/clip_range,387072,0.20000000298023224,1775340275.975127
train/clip_range,393216,0.20000000298023224,1775340285.1460783
train/clip_range,399360,0.20000000298023224,1775340293.5930846
train/clip_range,399984,0.20000000298023224,1775340327.639217
train/clip_range,411648,0.20000000298023224,1775340342.7854574
train/clip_range,417792,0.20000000298023224,1775340351.3973935
train/clip_range,423936,0.20000000298023224,1775340360.3423424
train/clip_range,430080,0.20000000298023224,1775340369.3573422
train/clip_range,436224,0.20000000298023224,1775340378.2131119
train/clip_range,442368,0.20000000298023224,1775340387.674754
train/clip_range,448512,0.20000000298023224,1775340396.9159954
train/clip_range,449982,0.20000000298023224,1775340431.9881084
train/clip_range,460800,0.20000000298023224,1775340447.2362056
train/clip_range,466944,0.20000000298023224,1775340456.9373574
train/clip_range,473088,0.20000000298023224,1775340465.6612265
train/clip_range,479232,0.20000000298023224,1775340474.295466
train/clip_range,485376,0.20000000298023224,1775340483.022178
train/clip_range,491520,0.20000000298023224,1775340491.6693828
train/clip_range,497664,0.20000000298023224,1775340500.4661725
train/clip_range,499980,0.20000000298023224,1775340538.6668713
train/clip_range,509952,0.20000000298023224,1775340551.038891
train/clip_range,516096,0.20000000298023224,1775340559.5500803
train/clip_range,522240,0.20000000298023224,1775340568.0364087
train/clip_range,528384,0.20000000298023224,1775340576.2304263
train/clip_range,534528,0.20000000298023224,1775340584.6819758
train/clip_range,540672,0.20000000298023224,1775340592.7102423
train/clip_range,546816,0.20000000298023224,1775340600.9498093
train/clip_range,549978,0.20000000298023224,1775340639.9963675
train/clip_range,559104,0.20000000298023224,1775340651.444537
train/clip_range,565248,0.20000000298023224,1775340659.7839024
train/clip_range,571392,0.20000000298023224,1775340668.263654
train/clip_range,577536,0.20000000298023224,1775340676.783482
train/clip_range,583680,0.20000000298023224,1775340684.9995341
train/clip_range,589824,0.20000000298023224,1775340693.4913995
train/clip_range,595968,0.20000000298023224,1775340701.7494233
train/clip_range,599976,0.20000000298023224,1775340742.9892445
train/clip_range,608256,0.20000000298023224,1775340753.2941384
train/clip_range,614400,0.20000000298023224,1775340761.6780567
train/clip_range,620544,0.20000000298023224,1775340770.2127652
train/clip_range,626688,0.20000000298023224,1775340779.0252779
train/clip_range,632832,0.20000000298023224,1775340787.8698535
train/clip_range,638976,0.20000000298023224,1775340797.3190932
train/clip_range,645120,0.20000000298023224,1775340807.1997538
train/clip_range,649974,0.20000000298023224,1775340845.2832077
train/clip_range,657408,0.20000000298023224,1775340855.3435347
train/clip_range,663552,0.20000000298023224,1775340864.3939962
train/clip_range,669696,0.20000000298023224,1775340873.259783
train/clip_range,675840,0.20000000298023224,1775340882.5821562
train/clip_range,681984,0.20000000298023224,1775340891.660644
train/clip_range,688128,0.20000000298023224,1775340899.9244404
train/clip_range,694272,0.20000000298023224,1775340908.3886254
train/clip_range,699972,0.20000000298023224,1775340950.1753244
train/clip_range,706560,0.20000000298023224,1775340959.244434
train/clip_range,712704,0.20000000298023224,1775340967.9311478
train/clip_range,718848,0.20000000298023224,1775340976.644876
train/clip_range,724992,0.20000000298023224,1775340985.4779615
train/clip_range,731136,0.20000000298023224,1775340994.0196362
train/clip_range,737280,0.20000000298023224,1775341002.4494283
train/clip_range,743424,0.20000000298023224,1775341010.8285854
train/clip_range,749568,0.20000000298023224,1775341019.749295
train/clip_range,749970,0.20000000298023224,1775341055.0113084
train/clip_range,761856,0.20000000298023224,1775341069.548508
train/clip_range,768000,0.20000000298023224,1775341078.2737508
train/clip_range,774144,0.20000000298023224,1775341087.11661
train/clip_range,780288,0.20000000298023224,1775341095.5833142
train/clip_range,786432,0.20000000298023224,1775341104.2077265
train/clip_range,792576,0.20000000298023224,1775341113.0625353
train/clip_range,798720,0.20000000298023224,1775341121.7375674
train/clip_range,799968,0.20000000298023224,1775341161.969515
train/clip_range,811008,0.20000000298023224,1775341175.6660447
train/clip_range,817152,0.20000000298023224,1775341184.0472832
train/clip_range,823296,0.20000000298023224,1775341192.3767767
train/clip_range,829440,0.20000000298023224,1775341200.5274813
train/clip_range,835584,0.20000000298023224,1775341208.9517846
train/clip_range,841728,0.20000000298023224,1775341217.5112698
train/clip_range,847872,0.20000000298023224,1775341226.9419875
train/clip_range,849966,0.20000000298023224,1775341266.492104
train/clip_range,860160,0.20000000298023224,1775341278.939887
train/clip_range,866304,0.20000000298023224,1775341287.7489495
train/clip_range,872448,0.20000000298023224,1775341296.3963752
train/clip_range,878592,0.20000000298023224,1775341304.945031
train/clip_range,884736,0.20000000298023224,1775341314.7904966
train/clip_range,890880,0.20000000298023224,1775341325.6642983
train/clip_range,897024,0.20000000298023224,1775341334.3384664
train/clip_range,899964,0.20000000298023224,1775341372.587422
train/clip_range,909312,0.20000000298023224,1775341385.3693295
train/clip_range,915456,0.20000000298023224,1775341395.9593825
train/clip_range,921600,0.20000000298023224,1775341405.5026462
train/clip_range,927744,0.20000000298023224,1775341414.837711
train/clip_range,933888,0.20000000298023224,1775341423.7603023
train/clip_range,940032,0.20000000298023224,1775341432.8468323
train/clip_range,946176,0.20000000298023224,1775341442.1729398
train/clip_range,949962,0.20000000298023224,1775341479.6475966
train/clip_range,958464,0.20000000298023224,1775341491.2228978
train/clip_range,964608,0.20000000298023224,1775341500.1880927
train/clip_range,970752,0.20000000298023224,1775341509.1450262
train/clip_range,976896,0.20000000298023224,1775341517.9918392
train/clip_range,983040,0.20000000298023224,1775341526.9066505
train/clip_range,989184,0.20000000298023224,1775341535.7114012
train/clip_range,995328,0.20000000298023224,1775341544.5180874
train/clip_range,999960,0.20000000298023224,1775341582.2035012
train/entropy_loss,12288,-1.5692552328109741,1775339533.6636527
train/entropy_loss,18432,-1.520072102546692,1775339541.8761888
train/entropy_loss,24576,-1.4877303838729858,1775339550.084566
train/entropy_loss,30720,-1.4595345258712769,1775339558.22172
train/entropy_loss,36864,-1.4195536375045776,1775339566.316085
train/entropy_loss,43008,-1.425641655921936,1775339574.521415
train/entropy_loss,49152,-1.436909556388855,1775339582.7184863
train/entropy_loss,49998,-1.43403959274292,1775339619.6237378
train/entropy_loss,61440,-1.4221397638320923,1775339634.1539686
train/entropy_loss,67584,-1.404090404510498,1775339642.9298313
train/entropy_loss,73728,-1.408068060874939,1775339652.0171354
train/entropy_loss,79872,-1.406249761581421,1775339661.4696712
train/entropy_loss,86016,-1.3884918689727783,1775339669.057511
train/entropy_loss,92160,-1.393890619277954,1775339676.7398038
train/entropy_loss,98304,-1.3689016103744507,1775339685.0035493
train/entropy_loss,99996,-1.3582051992416382,1775339720.0911763
train/entropy_loss,110592,-1.375565528869629,1775339732.290005
train/entropy_loss,116736,-1.3678451776504517,1775339740.2050855
train/entropy_loss,122880,-1.3467259407043457,1775339748.1545262
train/entropy_loss,129024,-1.3427647352218628,1775339756.1255012
train/entropy_loss,135168,-1.3523435592651367,1775339764.2610092
train/entropy_loss,141312,-1.329067587852478,1775339772.16906
train/entropy_loss,147456,-1.326053261756897,1775339780.1187994
train/entropy_loss,149994,-1.3157602548599243,1775339817.9408567
train/entropy_loss,159744,-1.3030400276184082,1775339831.4143069
train/entropy_loss,165888,-1.2986081838607788,1775339840.0908813
train/entropy_loss,172032,-1.2941616773605347,1775339848.1542354
train/entropy_loss,178176,-1.2908334732055664,1775339856.3816116
train/entropy_loss,184320,-1.2913471460342407,1775339864.3021104
train/entropy_loss,190464,-1.2987881898880005,1775339872.364206
train/entropy_loss,196608,-1.2799218893051147,1775339880.444448
train/entropy_loss,199992,-1.2471352815628052,1775339917.641729
train/entropy_loss,208896,-1.2408766746520996,1775339928.7611544
train/entropy_loss,215040,-1.2293576002120972,1775339937.1548505
train/entropy_loss,221184,-1.2079732418060303,1775339945.5602102
train/entropy_loss,227328,-1.2018157243728638,1775339953.6887665
train/entropy_loss,233472,-1.188787817955017,1775339961.7693737
train/entropy_loss,239616,-1.1923125982284546,1775339970.1455328
train/entropy_loss,245760,-1.187579870223999,1775339978.476725
train/entropy_loss,249990,-1.1858192682266235,1775340017.203602
train/entropy_loss,258048,-1.159083366394043,1775340027.970339
train/entropy_loss,264192,-1.1207897663116455,1775340036.671142
train/entropy_loss,270336,-1.1274006366729736,1775340044.9750645
train/entropy_loss,276480,-1.1366591453552246,1775340052.9648976
train/entropy_loss,282624,-1.1242170333862305,1775340061.132967
train/entropy_loss,288768,-1.1069684028625488,1775340069.4599063
train/entropy_loss,294912,-1.0817221403121948,1775340077.867316
train/entropy_loss,299988,-1.0753737688064575,1775340117.4547956
train/entropy_loss,307200,-1.0864477157592773,1775340127.8473904
train/entropy_loss,313344,-1.0813133716583252,1775340137.7892337
train/entropy_loss,319488,-1.0628167390823364,1775340146.2577043
train/entropy_loss,325632,-1.0707045793533325,1775340154.9599822
train/entropy_loss,331776,-1.0484200716018677,1775340163.7585077
train/entropy_loss,337920,-1.069385051727295,1775340172.4297183
train/entropy_loss,344064,-1.0461069345474243,1775340181.008432
train/entropy_loss,349986,-1.05343759059906,1775340224.3140223
train/entropy_loss,356352,-1.0215771198272705,1775340233.0447004
train/entropy_loss,362496,-1.013619065284729,1775340241.450316
train/entropy_loss,368640,-1.0322002172470093,1775340250.0755143
train/entropy_loss,374784,-1.0165207386016846,1775340258.8110063
train/entropy_loss,380928,-0.9983046650886536,1775340267.4219048
train/entropy_loss,387072,-1.001260757446289,1775340275.97514
train/entropy_loss,393216,-1.0140737295150757,1775340285.146092
train/entropy_loss,399360,-0.9983202219009399,1775340293.5930974
train/entropy_loss,399984,-0.9978398084640503,1775340327.6394448
train/entropy_loss,411648,-1.006273627281189,1775340342.7854702
train/entropy_loss,417792,-1.0069540739059448,1775340351.3974068
train/entropy_loss,423936,-1.0043128728866577,1775340360.3423553
train/entropy_loss,430080,-1.0066581964492798,1775340369.3573544
train/entropy_loss,436224,-0.9843542575836182,1775340378.2131245
train/entropy_loss,442368,-0.9920092225074768,1775340387.6747668
train/entropy_loss,448512,-1.0179370641708374,1775340396.9160082
train/entropy_loss,449982,-1.0255542993545532,1775340431.988394
train/entropy_loss,460800,-1.026457667350769,1775340447.2362187
train/entropy_loss,466944,-1.0267553329467773,1775340456.9373698
train/entropy_loss,473088,-1.0331870317459106,1775340465.6612396
train/entropy_loss,479232,-1.0340412855148315,1775340474.2954788
train/entropy_loss,485376,-1.0422219038009644,1775340483.0221906
train/entropy_loss,491520,-1.0246477127075195,1775340491.6693957
train/entropy_loss,497664,-1.0175573825836182,1775340500.4661856
train/entropy_loss,499980,-1.016506314277649,1775340538.6671307
train/entropy_loss,509952,-0.9964568614959717,1775340551.0389037
train/entropy_loss,516096,-0.9995038509368896,1775340559.5500934
train/entropy_loss,522240,-0.9956241250038147,1775340568.0364218
train/entropy_loss,528384,-0.9878594279289246,1775340576.2304394
train/entropy_loss,534528,-1.000284194946289,1775340584.6819887
train/entropy_loss,540672,-1.0127838850021362,1775340592.7102559
train/entropy_loss,546816,-1.0292506217956543,1775340600.9498224
train/entropy_loss,549978,-1.0323199033737183,1775340639.9966002
train/entropy_loss,559104,-1.0355699062347412,1775340651.4445498
train/entropy_loss,565248,-1.0436668395996094,1775340659.7839155
train/entropy_loss,571392,-1.0499353408813477,1775340668.263667
train/entropy_loss,577536,-1.0346593856811523,1775340676.7834952
train/entropy_loss,583680,-1.056982398033142,1775340684.9995465
train/entropy_loss,589824,-1.0565913915634155,1775340693.4914122
train/entropy_loss,595968,-1.0283106565475464,1775340701.7494366
train/entropy_loss,599976,-1.0386384725570679,1775340742.9896088
train/entropy_loss,608256,-1.0459446907043457,1775340753.2941508
train/entropy_loss,614400,-1.0506410598754883,1775340761.6780717
train/entropy_loss,620544,-1.0490071773529053,1775340770.2127786
train/entropy_loss,626688,-1.029973030090332,1775340779.0253
train/entropy_loss,632832,-1.0339261293411255,1775340787.8698666
train/entropy_loss,638976,-1.019392490386963,1775340797.3191063
train/entropy_loss,645120,-1.0353987216949463,1775340807.1997666
train/entropy_loss,649974,-1.0425734519958496,1775340845.283519
train/entropy_loss,657408,-1.0298054218292236,1775340855.3435473
train/entropy_loss,663552,-1.0091995000839233,1775340864.394009
train/entropy_loss,669696,-1.00101637840271,1775340873.2597964
train/entropy_loss,675840,-0.9973878264427185,1775340882.5821803
train/entropy_loss,681984,-1.0059984922409058,1775340891.660657
train/entropy_loss,688128,-1.0055955648422241,1775340899.92446
train/entropy_loss,694272,-1.0014322996139526,1775340908.3886385
train/entropy_loss,699972,-0.9833561778068542,1775340950.1756814
train/entropy_loss,706560,-0.9814049005508423,1775340959.2444468
train/entropy_loss,712704,-0.9753686785697937,1775340967.9311612
train/entropy_loss,718848,-1.009724497795105,1775340976.644889
train/entropy_loss,724992,-1.0108766555786133,1775340985.4779742
train/entropy_loss,731136,-1.004583477973938,1775340994.019649
train/entropy_loss,737280,-1.0062048435211182,1775341002.4494407
train/entropy_loss,743424,-0.9990516901016235,1775341010.8285987
train/entropy_loss,749568,-1.0062246322631836,1775341019.7493079
train/entropy_loss,749970,-1.0095611810684204,1775341055.0115438
train/entropy_loss,761856,-1.0251520872116089,1775341069.5485208
train/entropy_loss,768000,-1.0178816318511963,1775341078.2737684
train/entropy_loss,774144,-1.0187034606933594,1775341087.1166234
train/entropy_loss,780288,-1.0179526805877686,1775341095.5833273
train/entropy_loss,786432,-1.0207446813583374,1775341104.2077444
train/entropy_loss,792576,-1.0063562393188477,1775341113.0625477
train/entropy_loss,798720,-1.0169258117675781,1775341121.7375803
train/entropy_loss,799968,-1.018777847290039,1775341161.9697669
train/entropy_loss,811008,-1.0152757167816162,1775341175.6660578
train/entropy_loss,817152,-1.013511061668396,1775341184.0472963
train/entropy_loss,823296,-1.0133906602859497,1775341192.3767896
train/entropy_loss,829440,-1.0182081460952759,1775341200.5274942
train/entropy_loss,835584,-1.0351461172103882,1775341208.9517972
train/entropy_loss,841728,-1.0222474336624146,1775341217.5112827
train/entropy_loss,847872,-1.0065624713897705,1775341226.942002
train/entropy_loss,849966,-1.0092090368270874,1775341266.4923294
train/entropy_loss,860160,-0.9921339750289917,1775341278.939906
train/entropy_loss,866304,-1.0050640106201172,1775341287.7489624
train/entropy_loss,872448,-1.0028373003005981,1775341296.3963878
train/entropy_loss,878592,-1.005938172340393,1775341304.9450445
train/entropy_loss,884736,-1.0144323110580444,1775341314.7905095
train/entropy_loss,890880,-1.0088316202163696,1775341325.6643107
train/entropy_loss,897024,-1.0082279443740845,1775341334.338479
train/entropy_loss,899964,-1.0009936094284058,1775341372.587651
train/entropy_loss,909312,-0.9968371391296387,1775341385.3693423
train/entropy_loss,915456,-0.9991772174835205,1775341395.9593952
train/entropy_loss,921600,-0.9923617243766785,1775341405.502659
train/entropy_loss,927744,-0.992000937461853,1775341414.837734
train/entropy_loss,933888,-0.994877815246582,1775341423.7603154
train/entropy_loss,940032,-0.9969765543937683,1775341432.846845
train/entropy_loss,946176,-0.980982780456543,1775341442.1729586
train/entropy_loss,949962,-0.9750286340713501,1775341479.647888
train/entropy_loss,958464,-0.9803847670555115,1775341491.222911
train/entropy_loss,964608,-0.9785191416740417,1775341500.1881058
train/entropy_loss,970752,-0.9704041481018066,1775341509.1450388
train/entropy_loss,976896,-0.961509108543396,1775341517.9918523
train/entropy_loss,983040,-1.0001375675201416,1775341526.9066641
train/entropy_loss,989184,-0.9752442836761475,1775341535.7114136
train/entropy_loss,995328,-0.9728595614433289,1775341544.5181081
train/entropy_loss,999960,-0.9847232103347778,1775341582.203802
train/explained_variance,12288,0.03004354238510132,1775339533.6636653
train/explained_variance,18432,0.6331096887588501,1775339541.8762014
train/explained_variance,24576,0.7496212720870972,1775339550.0845802
train/explained_variance,30720,0.7596660256385803,1775339558.2217324
train/explained_variance,36864,0.7664052248001099,1775339566.316097
train/explained_variance,43008,0.7715403437614441,1775339574.5214272
train/explained_variance,49152,0.7696041464805603,1775339582.7184985
train/explained_variance,49998,0.764456033706665,1775339619.62397
train/explained_variance,61440,0.779533326625824,1775339634.1539826
train/explained_variance,67584,0.7651609182357788,1775339642.9298437
train/explained_variance,73728,0.7733744978904724,1775339652.017148
train/explained_variance,79872,0.7848311066627502,1775339661.4696836
train/explained_variance,86016,0.7913774847984314,1775339669.0575237
train/explained_variance,92160,0.7867372035980225,1775339676.7398167
train/explained_variance,98304,0.7928136587142944,1775339685.0035617
train/explained_variance,99996,0.8237749338150024,1775339720.0914576
train/explained_variance,110592,0.8126493692398071,1775339732.2900174
train/explained_variance,116736,0.800572395324707,1775339740.205098
train/explained_variance,122880,0.8231627345085144,1775339748.1545393
train/explained_variance,129024,0.815561830997467,1775339756.125514
train/explained_variance,135168,0.818383514881134,1775339764.2610219
train/explained_variance,141312,0.8207153677940369,1775339772.1690724
train/explained_variance,147456,0.8372808694839478,1775339780.1188118
train/explained_variance,149994,0.828736424446106,1775339817.9411364
train/explained_variance,159744,0.8272985219955444,1775339831.4143195
train/explained_variance,165888,0.835047721862793,1775339840.0908942
train/explained_variance,172032,0.8413552641868591,1775339848.154248
train/explained_variance,178176,0.8294510841369629,1775339856.3816245
train/explained_variance,184320,0.8287358283996582,1775339864.3021233
train/explained_variance,190464,0.8414731025695801,1775339872.364219
train/explained_variance,196608,0.834671139717102,1775339880.4444604
train/explained_variance,199992,0.8422394394874573,1775339917.6419983
train/explained_variance,208896,0.8409360647201538,1775339928.7611666
train/explained_variance,215040,0.8230051398277283,1775339937.1548634
train/explained_variance,221184,0.8352949619293213,1775339945.5602226
train/explained_variance,227328,0.8407132625579834,1775339953.688779
train/explained_variance,233472,0.8112648725509644,1775339961.769386
train/explained_variance,239616,0.8483882546424866,1775339970.1455455
train/explained_variance,245760,0.8458282947540283,1775339978.4767375
train/explained_variance,249990,0.8357880115509033,1775340017.2038867
train/explained_variance,258048,0.8599425554275513,1775340027.9703522
train/explained_variance,264192,0.8381398320198059,1775340036.6711547
train/explained_variance,270336,0.8331925868988037,1775340044.9750772
train/explained_variance,276480,0.8425257205963135,1775340052.9649105
train/explained_variance,282624,0.8466005921363831,1775340061.1329794
train/explained_variance,288768,0.8341299295425415,1775340069.4599192
train/explained_variance,294912,0.8338058590888977,1775340077.8673282
train/explained_variance,299988,0.8395394086837769,1775340117.45506
train/explained_variance,307200,0.8566153049468994,1775340127.847403
train/explained_variance,313344,0.8220430612564087,1775340137.7892463
train/explained_variance,319488,0.8521018028259277,1775340146.2577167
train/explained_variance,325632,0.8379769921302795,1775340154.959995
train/explained_variance,331776,0.8463619351387024,1775340163.7585204
train/explained_variance,337920,0.8490713238716125,1775340172.429731
train/explained_variance,344064,0.854705274105072,1775340181.008444
train/explained_variance,349986,0.8276280164718628,1775340224.3142602
train/explained_variance,356352,0.8595516085624695,1775340233.044713
train/explained_variance,362496,0.8464587330818176,1775340241.4503284
train/explained_variance,368640,0.8502988815307617,1775340250.0755272
train/explained_variance,374784,0.8477134108543396,1775340258.811018
train/explained_variance,380928,0.8463547229766846,1775340267.4219174
train/explained_variance,387072,0.8449422121047974,1775340275.9751527
train/explained_variance,393216,0.8443869352340698,1775340285.1461065
train/explained_variance,399360,0.8521991968154907,1775340293.5931098
train/explained_variance,399984,0.8681750297546387,1775340327.6396754
train/explained_variance,411648,0.8328218460083008,1775340342.7854831
train/explained_variance,417792,0.851301908493042,1775340351.397419
train/explained_variance,423936,0.854536771774292,1775340360.3423676
train/explained_variance,430080,0.8415969610214233,1775340369.357367
train/explained_variance,436224,0.8554773330688477,1775340378.213137
train/explained_variance,442368,0.8580663204193115,1775340387.6747792
train/explained_variance,448512,0.8475944399833679,1775340396.9160204
train/explained_variance,449982,0.8595523238182068,1775340431.9886622
train/explained_variance,460800,0.829613447189331,1775340447.2362316
train/explained_variance,466944,0.8456310033798218,1775340456.9373825
train/explained_variance,473088,0.8501150608062744,1775340465.6612523
train/explained_variance,479232,0.8437271118164062,1775340474.2954917
train/explained_variance,485376,0.8494663238525391,1775340483.022203
train/explained_variance,491520,0.8491315841674805,1775340491.669408
train/explained_variance,497664,0.8547087907791138,1775340500.466198
train/explained_variance,499980,0.8572553992271423,1775340538.6673617
train/explained_variance,509952,0.8263850808143616,1775340551.038916
train/explained_variance,516096,0.8672824501991272,1775340559.550106
train/explained_variance,522240,0.8568843007087708,1775340568.0364342
train/explained_variance,528384,0.8499878644943237,1775340576.2304523
train/explained_variance,534528,0.8513803482055664,1775340584.6820014
train/explained_variance,540672,0.8577779531478882,1775340592.7102692
train/explained_variance,546816,0.8523715138435364,1775340600.949835
train/explained_variance,549978,0.8645219802856445,1775340639.9968605
train/explained_variance,559104,0.8545915484428406,1775340651.4445624
train/explained_variance,565248,0.8405930995941162,1775340659.7839282
train/explained_variance,571392,0.86180579662323,1775340668.2636797
train/explained_variance,577536,0.8578701615333557,1775340676.7835083
train/explained_variance,583680,0.8567454814910889,1775340684.9995587
train/explained_variance,589824,0.8536573648452759,1775340693.4914248
train/explained_variance,595968,0.8564957976341248,1775340701.7494493
train/explained_variance,599976,0.8529107570648193,1775340742.9898615
train/explained_variance,608256,0.8452584743499756,1775340753.2941632
train/explained_variance,614400,0.8592486381530762,1775340761.6780846
train/explained_variance,620544,0.8581056594848633,1775340770.2127912
train/explained_variance,626688,0.8411557674407959,1775340779.0253193
train/explained_variance,632832,0.8533306121826172,1775340787.8698795
train/explained_variance,638976,0.8586525917053223,1775340797.3191192
train/explained_variance,645120,0.8515042066574097,1775340807.1997795
train/explained_variance,649974,0.8543721437454224,1775340845.28376
train/explained_variance,657408,0.8399212956428528,1775340855.3435602
train/explained_variance,663552,0.8500930666923523,1775340864.3940217
train/explained_variance,669696,0.8545857071876526,1775340873.259809
train/explained_variance,675840,0.8651010394096375,1775340882.5822039
train/explained_variance,681984,0.8573499321937561,1775340891.6606703
train/explained_variance,688128,0.8524796366691589,1775340899.9244797
train/explained_variance,694272,0.8679502010345459,1775340908.3886514
train/explained_variance,699972,0.8546810150146484,1775340950.1759698
train/explained_variance,706560,0.8339247107505798,1775340959.244459
train/explained_variance,712704,0.8616566061973572,1775340967.9311733
train/explained_variance,718848,0.8718193769454956,1775340976.6449025
train/explained_variance,724992,0.8496092557907104,1775340985.4779868
train/explained_variance,731136,0.8685283660888672,1775340994.019662
train/explained_variance,737280,0.8571264147758484,1775341002.4494529
train/explained_variance,743424,0.8472257256507874,1775341010.8286114
train/explained_variance,749568,0.8689104318618774,1775341019.74932
train/explained_variance,749970,0.855248749256134,1775341055.0117857
train/explained_variance,761856,0.8529553413391113,1775341069.5485334
train/explained_variance,768000,0.8556248545646667,1775341078.2737834
train/explained_variance,774144,0.8598537445068359,1775341087.1166358
train/explained_variance,780288,0.864189624786377,1775341095.5833404
train/explained_variance,786432,0.8472921848297119,1775341104.2077575
train/explained_variance,792576,0.8681926727294922,1775341113.0625598
train/explained_variance,798720,0.8617252707481384,1775341121.737593
train/explained_variance,799968,0.8445107340812683,1775341161.9700053
train/explained_variance,811008,0.867642879486084,1775341175.6660697
train/explained_variance,817152,0.8624981045722961,1775341184.0473084
train/explained_variance,823296,0.8400470614433289,1775341192.376802
train/explained_variance,829440,0.8505999445915222,1775341200.5275068
train/explained_variance,835584,0.8599058389663696,1775341208.9518092
train/explained_variance,841728,0.8593048453330994,1775341217.5112956
train/explained_variance,847872,0.8611291646957397,1775341226.9420156
train/explained_variance,849966,0.8599379062652588,1775341266.4925785
train/explained_variance,860160,0.8583732843399048,1775341278.939923
train/explained_variance,866304,0.8644108772277832,1775341287.7489746
train/explained_variance,872448,0.8574706315994263,1775341296.3964005
train/explained_variance,878592,0.8622776865959167,1775341304.945057
train/explained_variance,884736,0.8510578274726868,1775341314.790522
train/explained_variance,890880,0.8627109527587891,1775341325.664323
train/explained_variance,897024,0.8741297721862793,1775341334.338492
train/explained_variance,899964,0.8642282485961914,1775341372.5878806
train/explained_variance,909312,0.8565868139266968,1775341385.3693547
train/explained_variance,915456,0.8781144618988037,1775341395.9594073
train/explained_variance,921600,0.8478156328201294,1775341405.5026717
train/explained_variance,927744,0.857695460319519,1775341414.8377569
train/explained_variance,933888,0.8550863265991211,1775341423.7603276
train/explained_variance,940032,0.8578919172286987,1775341432.8468578
train/explained_variance,946176,0.8730146884918213,1775341442.1729724
train/explained_variance,949962,0.8636422157287598,1775341479.648216
train/explained_variance,958464,0.8620457053184509,1775341491.2229242
train/explained_variance,964608,0.8683454394340515,1775341500.188119
train/explained_variance,970752,0.8549524545669556,1775341509.1450515
train/explained_variance,976896,0.8716183304786682,1775341517.9918652
train/explained_variance,983040,0.8594722151756287,1775341526.906677
train/explained_variance,989184,0.864754319190979,1775341535.7114258
train/explained_variance,995328,0.8701868057250977,1775341544.518132
train/explained_variance,999960,0.8443694114685059,1775341582.204062
train/learning_rate,12288,0.00029807694954797626,1775339533.663678
train/learning_rate,18432,0.00029623424052260816,1775339541.8762138
train/learning_rate,24576,0.00029439153149724007,1775339550.0845933
train/learning_rate,30720,0.00029254882247187197,1775339558.2217445
train/learning_rate,36864,0.00029070614255033433,1775339566.3161087
train/learning_rate,43008,0.00028886343352496624,1775339574.5214415
train/learning_rate,49152,0.00028702072449959815,1775339582.7185106
train/learning_rate,49998,0.00028517801547423005,1775339619.6242015
train/learning_rate,61440,0.00028333530644886196,1775339634.1539953
train/learning_rate,67584,0.00028149259742349386,1775339642.9298563
train/learning_rate,73728,0.00027964988839812577,1775339652.0171626
train/learning_rate,79872,0.0002778071793727577,1775339661.4696956
train/learning_rate,86016,0.0002759644703473896,1775339669.0575366
train/learning_rate,92160,0.0002741217613220215,1775339676.7398293
train/learning_rate,98304,0.0002722790522966534,1775339685.0035734
train/learning_rate,99996,0.00027043637237511575,1775339720.0918427
train/learning_rate,110592,0.00026859366334974766,1775339732.2900295
train/learning_rate,116736,0.00026675095432437956,1775339740.2051103
train/learning_rate,122880,0.00026490824529901147,1775339748.1545513
train/learning_rate,129024,0.0002630655362736434,1775339756.1255262
train/learning_rate,135168,0.0002612228272482753,1775339764.2610343
train/learning_rate,141312,0.0002593801182229072,1775339772.1690853
train/learning_rate,147456,0.0002575374091975391,1775339780.1188242
train/learning_rate,149994,0.000255694700172171,1775339817.94138
train/learning_rate,159744,0.0002538519911468029,1775339831.414332
train/learning_rate,165888,0.0002520092821214348,1775339840.0909064
train/learning_rate,172032,0.00025016660219989717,1775339848.1542602
train/learning_rate,178176,0.0002483238931745291,1775339856.3816369
train/learning_rate,184320,0.000246481184149161,1775339864.3021355
train/learning_rate,190464,0.0002446384751237929,1775339872.364231
train/learning_rate,196608,0.0002427957660984248,1775339880.4444723
train/learning_rate,199992,0.0002409530570730567,1775339917.6422868
train/learning_rate,208896,0.0002391103480476886,1775339928.7611787
train/learning_rate,215040,0.0002372676390223205,1775339937.1548758
train/learning_rate,221184,0.00023542492999695241,1775339945.560235
train/learning_rate,227328,0.00023358223552349955,1775339953.688791
train/learning_rate,233472,0.00023173952649813145,1775339961.769398
train/learning_rate,239616,0.00022989681747276336,1775339970.1455574
train/learning_rate,245760,0.00022805410844739527,1775339978.47675
train/learning_rate,249990,0.00022621139942202717,1775340017.20415
train/learning_rate,258048,0.0002243687049485743,1775340027.9703639
train/learning_rate,264192,0.0002225259959232062,1775340036.6711667
train/learning_rate,270336,0.00022068328689783812,1775340044.9750893
train/learning_rate,276480,0.00021884057787247002,1775340052.9649246
train/learning_rate,282624,0.00021699786884710193,1775340061.1329913
train/learning_rate,288768,0.00021515515982173383,1775340069.459931
train/learning_rate,294912,0.00021331246534828097,1775340077.86734
train/learning_rate,299988,0.00021146975632291287,1775340117.455331
train/learning_rate,307200,0.00020962704729754478,1775340127.8474152
train/learning_rate,313344,0.00020778433827217668,1775340137.7892585
train/learning_rate,319488,0.0002059416292468086,1775340146.257729
train/learning_rate,325632,0.00020409893477335572,1775340154.9600077
train/learning_rate,331776,0.00020225622574798763,1775340163.7585328
train/learning_rate,337920,0.00020041351672261953,1775340172.4297433
train/learning_rate,344064,0.00019857080769725144,1775340181.0084562
train/learning_rate,349986,0.00019672809867188334,1775340224.3144917
train/learning_rate,356352,0.00019488538964651525,1775340233.0447254
train/learning_rate,362496,0.00019304269517306238,1775340241.4503405
train/learning_rate,368640,0.0001911999861476943,1775340250.0755394
train/learning_rate,374784,0.0001893572771223262,1775340258.81103
train/learning_rate,380928,0.0001875145680969581,1775340267.4219303
train/learning_rate,387072,0.00018567185907159,1775340275.975165
train/learning_rate,393216,0.00018382916459813714,1775340285.1461194
train/learning_rate,399360,0.00018198645557276905,1775340293.5931218
train/learning_rate,399984,0.00018014374654740095,1775340327.639904
train/learning_rate,411648,0.00017830103752203286,1775340342.7854948
train/learning_rate,417792,0.00017645832849666476,1775340351.3974314
train/learning_rate,423936,0.00017461561947129667,1775340360.34238
train/learning_rate,430080,0.0001727729249978438,1775340369.3573794
train/learning_rate,436224,0.0001709302159724757,1775340378.213149
train/learning_rate,442368,0.0001690875069471076,1775340387.6747909
train/learning_rate,448512,0.00016724479792173952,1775340396.9160326
train/learning_rate,449982,0.00016540208889637142,1775340431.9888887
train/learning_rate,460800,0.00016355939442291856,1775340447.2362442
train/learning_rate,466944,0.00016171668539755046,1775340456.9373946
train/learning_rate,473088,0.00015987397637218237,1775340465.661265
train/learning_rate,479232,0.00015803126734681427,1775340474.2955039
train/learning_rate,485376,0.00015618855832144618,1775340483.0222154
train/learning_rate,491520,0.00015434584929607809,1775340491.6694202
train/learning_rate,497664,0.00015250315482262522,1775340500.46621
train/learning_rate,499980,0.00015066044579725713,1775340538.6675892
train/learning_rate,509952,0.00014881773677188903,1775340551.0389283
train/learning_rate,516096,0.00014697502774652094,1775340559.5501184
train/learning_rate,522240,0.00014513231872115284,1775340568.0364466
train/learning_rate,528384,0.00014328962424769998,1775340576.2304645
train/learning_rate,534528,0.00014144691522233188,1775340584.6820133
train/learning_rate,540672,0.0001396042061969638,1775340592.710282
train/learning_rate,546816,0.0001377614971715957,1775340600.949847
train/learning_rate,549978,0.0001359187881462276,1775340639.9970813
train/learning_rate,559104,0.0001340760791208595,1775340651.4445753
train/learning_rate,565248,0.00013223338464740664,1775340659.7839406
train/learning_rate,571392,0.00013039067562203854,1775340668.2636924
train/learning_rate,577536,0.00012854796659667045,1775340676.7835205
train/learning_rate,583680,0.00012670525757130235,1775340684.9995708
train/learning_rate,589824,0.00012486254854593426,1775340693.491438
train/learning_rate,595968,0.0001230198540724814,1775340701.7494617
train/learning_rate,599976,0.00012117713777115569,1775340742.9901989
train/learning_rate,608256,0.0001193344360217452,1775340753.294175
train/learning_rate,614400,0.00011749172699637711,1775340761.678097
train/learning_rate,620544,0.00011564901797100902,1775340770.2128036
train/learning_rate,626688,0.00011380631622159854,1775340779.0253386
train/learning_rate,632832,0.00011196360719623044,1775340787.8698921
train/learning_rate,638976,0.00011012090544681996,1775340797.319131
train/learning_rate,645120,0.00010827819642145187,1775340807.199792
train/learning_rate,649974,0.00010643548739608377,1775340845.2839906
train/learning_rate,657408,0.00010459278564667329,1775340855.3435729
train/learning_rate,663552,0.0001027500766213052,1775340864.394034
train/learning_rate,669696,0.0001009073675959371,1775340873.2598207
train/learning_rate,675840,9.906466584652662e-05,1775340882.5822268
train/learning_rate,681984,9.722195682115853e-05,1775340891.660683
train/learning_rate,688128,9.537924779579043e-05,1775340899.9244978
train/learning_rate,694272,9.353654604637995e-05,1775340908.3886638
train/learning_rate,699972,9.169383702101186e-05,1775340950.1762915
train/learning_rate,706560,8.985113527160138e-05,1775340959.2444713
train/learning_rate,712704,8.800842624623328e-05,1775340967.9311857
train/learning_rate,718848,8.616571722086519e-05,1775340976.644915
train/learning_rate,724992,8.432301547145471e-05,1775340985.4779983
train/learning_rate,731136,8.248030644608662e-05,1775340994.0196736
train/learning_rate,737280,8.063759742071852e-05,1775341002.4494648
train/learning_rate,743424,7.879489567130804e-05,1775341010.8286233
train/learning_rate,749568,7.695218664593995e-05,1775341019.7493327
train/learning_rate,749970,7.510947762057185e-05,1775341055.012047
train/learning_rate,761856,7.326677587116137e-05,1775341069.5485456
train/learning_rate,768000,7.142406684579328e-05,1775341078.2737963
train/learning_rate,774144,6.958135782042518e-05,1775341087.1166482
train/learning_rate,780288,6.77386560710147e-05,1775341095.5833523
train/learning_rate,786432,6.589594704564661e-05,1775341104.2077699
train/learning_rate,792576,6.405324529623613e-05,1775341113.0625718
train/learning_rate,798720,6.221053627086803e-05,1775341121.737605
train/learning_rate,799968,6.0367830883478746e-05,1775341161.9702332
train/learning_rate,811008,5.852512185811065e-05,1775341175.6660821
train/learning_rate,817152,5.6682416470721364e-05,1775341184.0473208
train/learning_rate,823296,5.483971108333208e-05,1775341192.3768144
train/learning_rate,829440,5.299700205796398e-05,1775341200.527519
train/learning_rate,835584,5.1154296670574695e-05,1775341208.9518216
train/learning_rate,841728,4.931159128318541e-05,1775341217.5113075
train/learning_rate,847872,4.746888589579612e-05,1775341226.9420278
train/learning_rate,849966,4.5626176870428026e-05,1775341266.4928799
train/learning_rate,860160,4.378347148303874e-05,1775341278.9399354
train/learning_rate,866304,4.194076609564945e-05,1775341287.7489867
train/learning_rate,872448,4.0098060708260164e-05,1775341296.3964126
train/learning_rate,878592,3.825535168289207e-05,1775341304.9450693
train/learning_rate,884736,3.641264629550278e-05,1775341314.7905347
train/learning_rate,890880,3.4569940908113495e-05,1775341325.6643353
train/learning_rate,897024,3.27272318827454e-05,1775341334.3385048
train/learning_rate,899964,3.088452649535611e-05,1775341372.5881557
train/learning_rate,909312,2.9041821107966825e-05,1775341385.369367
train/learning_rate,915456,2.7199113901588134e-05,1775341395.9594195
train/learning_rate,921600,2.5356408514198847e-05,1775341405.5026839
train/learning_rate,927744,2.3513701307820156e-05,1775341414.837772
train/learning_rate,933888,2.167099592043087e-05,1775341423.7603397
train/learning_rate,940032,1.9828288714052178e-05,1775341432.8468695
train/learning_rate,946176,1.7985581507673487e-05,1775341442.172986
train/learning_rate,949962,1.61428761202842e-05,1775341479.6484294
train/learning_rate,958464,1.430016982340021e-05,1775341491.2229369
train/learning_rate,964608,1.245746261702152e-05,1775341500.1881313
train/learning_rate,970752,1.061475632013753e-05,1775341509.1450634
train/learning_rate,976896,8.772050023253541e-06,1775341517.991877
train/learning_rate,983040,6.929343726369552e-06,1775341526.9066892
train/learning_rate,989184,5.086637429485563e-06,1775341535.7114382
train/learning_rate,995328,3.243931132601574e-06,1775341544.5181532
train/learning_rate,999960,1.4012246083439095e-06,1775341582.2043283
train/loss,12288,0.24156662821769714,1775339533.66369
train/loss,18432,0.006772987544536591,1775339541.8762255
train/loss,24576,-0.000609472393989563,1775339550.0846052
train/loss,30720,0.038850948214530945,1775339558.2217565
train/loss,36864,0.0527406707406044,1775339566.3161204
train/loss,43008,0.06600214540958405,1775339574.5214546
train/loss,49152,0.06502526253461838,1775339582.7185223
train/loss,49998,0.09247264266014099,1775339619.6244683
train/loss,61440,0.05464070290327072,1775339634.1540072
train/loss,67584,0.04281257092952728,1775339642.9298682
train/loss,73728,0.049126267433166504,1775339652.0171752
train/loss,79872,0.059697605669498444,1775339661.4697075
train/loss,86016,0.08540547639131546,1775339669.0575483
train/loss,92160,0.05544726178050041,1775339676.7398412
train/loss,98304,0.050384894013404846,1775339685.0035853
train/loss,99996,0.03367217630147934,1775339720.09215
train/loss,110592,0.05479926988482475,1775339732.2900414
train/loss,116736,0.04748964309692383,1775339740.205122
train/loss,122880,0.06267951428890228,1775339748.1545637
train/loss,129024,0.052753202617168427,1775339756.1255388
train/loss,135168,0.059350863099098206,1775339764.261046
train/loss,141312,0.04558028280735016,1775339772.1690972
train/loss,147456,0.028909482061862946,1775339780.118836
train/loss,149994,0.00885847955942154,1775339817.9416025
train/loss,159744,0.04083573818206787,1775339831.4143443
train/loss,165888,0.011258278042078018,1775339840.0909183
train/loss,172032,0.03304377198219299,1775339848.154272
train/loss,178176,0.04124537855386734,1775339856.3816485
train/loss,184320,0.02766040712594986,1775339864.3021474
train/loss,190464,0.031413592398166656,1775339872.364243
train/loss,196608,0.041105967015028,1775339880.4444847
train/loss,199992,0.031279854476451874,1775339917.6425288
train/loss,208896,0.03243190050125122,1775339928.7611902
train/loss,215040,0.05801544338464737,1775339937.1548874
train/loss,221184,0.02589457854628563,1775339945.560247
train/loss,227328,0.014396045356988907,1775339953.6888027
train/loss,233472,0.038703594356775284,1775339961.7694101
train/loss,239616,0.03432915359735489,1775339970.1455696
train/loss,245760,0.027806982398033142,1775339978.476762
train/loss,249990,0.007782299071550369,1775340017.2043993
train/loss,258048,0.012386638671159744,1775340027.970376
train/loss,264192,0.037092745304107666,1775340036.671179
train/loss,270336,0.06819155812263489,1775340044.9751017
train/loss,276480,0.0438045933842659,1775340052.9649374
train/loss,282624,0.04280533269047737,1775340061.1330035
train/loss,288768,0.04085665941238403,1775340069.4599426
train/loss,294912,0.020829513669013977,1775340077.8673518
train/loss,299988,0.02502831071615219,1775340117.4556446
train/loss,307200,0.01630476489663124,1775340127.8474271
train/loss,313344,0.002010732889175415,1775340137.7892702
train/loss,319488,0.043393827974796295,1775340146.2577405
train/loss,325632,0.04854597523808479,1775340154.9600203
train/loss,331776,0.020331325009465218,1775340163.7585447
train/loss,337920,0.04173955321311951,1775340172.4297554
train/loss,344064,0.006062839180231094,1775340181.008468
train/loss,349986,0.04371146112680435,1775340224.3147163
train/loss,356352,0.021829938516020775,1775340233.0447376
train/loss,362496,0.03818163275718689,1775340241.4503527
train/loss,368640,0.029964491724967957,1775340250.075551
train/loss,374784,0.021175511181354523,1775340258.8110418
train/loss,380928,0.024862196296453476,1775340267.4219422
train/loss,387072,0.06609705090522766,1775340275.9751768
train/loss,393216,0.018175140023231506,1775340285.146132
train/loss,399360,0.01066519320011139,1775340293.593134
train/loss,399984,0.01082538440823555,1775340327.6401372
train/loss,411648,0.026170972734689713,1775340342.7855067
train/loss,417792,0.027919845655560493,1775340351.3974433
train/loss,423936,0.04420898109674454,1775340360.3423917
train/loss,430080,0.040620774030685425,1775340369.357391
train/loss,436224,0.04254310578107834,1775340378.2131608
train/loss,442368,0.03562036156654358,1775340387.674803
train/loss,448512,0.026793338358402252,1775340396.9160442
train/loss,449982,0.019854987040162086,1775340431.9891157
train/loss,460800,0.049875013530254364,1775340447.236256
train/loss,466944,0.0301958080381155,1775340456.9374068
train/loss,473088,0.05265249311923981,1775340465.6612766
train/loss,479232,0.041402317583560944,1775340474.2955163
train/loss,485376,0.04864523559808731,1775340483.0222273
train/loss,491520,0.03795789182186127,1775340491.6694324
train/loss,497664,0.048100244253873825,1775340500.4662223
train/loss,499980,0.03497973829507828,1775340538.6678133
train/loss,509952,0.03605623543262482,1775340551.0389402
train/loss,516096,0.022624410688877106,1775340559.5501301
train/loss,522240,0.010659731924533844,1775340568.0364587
train/loss,528384,0.03078329749405384,1775340576.2304766
train/loss,534528,0.0509694367647171,1775340584.682025
train/loss,540672,0.028982099145650864,1775340592.7102942
train/loss,546816,0.03834904357790947,1775340600.9498591
train/loss,549978,0.05112733691930771,1775340639.997316
train/loss,559104,0.03553624451160431,1775340651.444587
train/loss,565248,0.011786911636590958,1775340659.7839525
train/loss,571392,0.06396566331386566,1775340668.2637043
train/loss,577536,0.043489694595336914,1775340676.7835326
train/loss,583680,0.017521895468235016,1775340684.9995828
train/loss,589824,0.03082979843020439,1775340693.49145
train/loss,595968,0.02991507202386856,1775340701.7494736
train/loss,599976,0.062223222106695175,1775340742.9904506
train/loss,608256,0.006118159741163254,1775340753.2941868
train/loss,614400,0.030804630368947983,1775340761.6781085
train/loss,620544,0.020511288195848465,1775340770.2128162
train/loss,626688,0.02757161110639572,1775340779.0253572
train/loss,632832,0.033511705696582794,1775340787.8699043
train/loss,638976,0.04370144009590149,1775340797.3191435
train/loss,645120,0.0430009625852108,1775340807.1998038
train/loss,649974,0.00016944482922554016,1775340845.2842453
train/loss,657408,0.02981465682387352,1775340855.3435848
train/loss,663552,0.03285389393568039,1775340864.3940456
train/loss,669696,0.035590700805187225,1775340873.2598326
train/loss,675840,0.026390835642814636,1775340882.5822496
train/loss,681984,0.02809252217411995,1775340891.660695
train/loss,688128,0.026530515402555466,1775340899.9245164
train/loss,694272,0.03086603805422783,1775340908.388676
train/loss,699972,0.031043924391269684,1775340950.1765661
train/loss,706560,0.0388869047164917,1775340959.244483
train/loss,712704,0.02709033153951168,1775340967.9311972
train/loss,718848,0.034108180552721024,1775340976.6449277
train/loss,724992,0.04036559537053108,1775340985.4780102
train/loss,731136,0.060148704797029495,1775340994.019685
train/loss,737280,0.04514206945896149,1775341002.4494767
train/loss,743424,0.016845405101776123,1775341010.8286352
train/loss,749568,0.038864485919475555,1775341019.7493446
train/loss,749970,0.059190958738327026,1775341055.0123174
train/loss,761856,0.026948632672429085,1775341069.5485575
train/loss,768000,0.06685945391654968,1775341078.2738085
train/loss,774144,0.021027129143476486,1775341087.11666
train/loss,780288,0.03784774988889694,1775341095.5833647
train/loss,786432,0.043207619339227676,1775341104.2077851
train/loss,792576,0.026589680463075638,1775341113.062583
train/loss,798720,0.033784955739974976,1775341121.7376168
train/loss,799968,0.01666123978793621,1775341161.9704988
train/loss,811008,0.05370267480611801,1775341175.6660938
train/loss,817152,0.02254405803978443,1775341184.0473325
train/loss,823296,0.04098498448729515,1775341192.3768263
train/loss,829440,0.051254838705062866,1775341200.5275304
train/loss,835584,0.042148567736148834,1775341208.9518335
train/loss,841728,0.0456048808991909,1775341217.5113196
train/loss,847872,0.04338014870882034,1775341226.9420402
train/loss,849966,0.039276327937841415,1775341266.4931068
train/loss,860160,0.04649239033460617,1775341278.939948
train/loss,866304,0.036612369120121,1775341287.7489986
train/loss,872448,0.09019377827644348,1775341296.396424
train/loss,878592,0.06556794047355652,1775341304.945081
train/loss,884736,0.02975197322666645,1775341314.7905464
train/loss,890880,0.0641375184059143,1775341325.6643474
train/loss,897024,0.045856669545173645,1775341334.3385165
train/loss,899964,0.02568402886390686,1775341372.5884163
train/loss,909312,0.028183206915855408,1775341385.3693786
train/loss,915456,0.01774987019598484,1775341395.9594316
train/loss,921600,0.03188011795282364,1775341405.5026953
train/loss,927744,0.049562424421310425,1775341414.837784
train/loss,933888,0.03221718221902847,1775341423.760351
train/loss,940032,0.05856061354279518,1775341432.8468814
train/loss,946176,0.0066184401512146,1775341442.172998
train/loss,949962,0.03996375948190689,1775341479.6486876
train/loss,958464,0.06193516030907631,1775341491.222949
train/loss,964608,0.05140615999698639,1775341500.1881433
train/loss,970752,0.07752752304077148,1775341509.1450758
train/loss,976896,0.0497463122010231,1775341517.991889
train/loss,983040,0.06037088483572006,1775341526.9067013
train/loss,989184,0.06396441906690598,1775341535.71145
train/loss,995328,0.03106948360800743,1775341544.5181735
train/loss,999960,0.03254071623086929,1775341582.2045581
train/policy_gradient_loss,12288,-0.01503309141844511,1775339533.6637022
train/policy_gradient_loss,18432,-0.01170638483017683,1775339541.8762374
train/policy_gradient_loss,24576,-0.00684016477316618,1775339550.0846167
train/policy_gradient_loss,30720,-0.005636258982121944,1775339558.2217686
train/policy_gradient_loss,36864,-0.0051390426233410835,1775339566.3161318
train/policy_gradient_loss,43008,-0.004453982226550579,1775339574.5214663
train/policy_gradient_loss,49152,-0.00391129357740283,1775339582.718535
train/policy_gradient_loss,49998,-0.005452241748571396,1775339619.6248105
train/policy_gradient_loss,61440,-0.005648378748446703,1775339634.1540194
train/policy_gradient_loss,67584,-0.006609195843338966,1775339642.9298806
train/policy_gradient_loss,73728,-0.004612298216670752,1775339652.0171876
train/policy_gradient_loss,79872,-0.005225020926445723,1775339661.469719
train/policy_gradient_loss,86016,-0.0035494142211973667,1775339669.0575602
train/policy_gradient_loss,92160,-0.004919083788990974,1775339676.7398536
train/policy_gradient_loss,98304,-0.006133740302175283,1775339685.003597
train/policy_gradient_loss,99996,-0.005670808255672455,1775339720.0923717
train/policy_gradient_loss,110592,-0.004915541969239712,1775339732.2900534
train/policy_gradient_loss,116736,-0.004614864010363817,1775339740.2051344
train/policy_gradient_loss,122880,-0.005730771459639072,1775339748.1545753
train/policy_gradient_loss,129024,-0.004374195355921984,1775339756.1255507
train/policy_gradient_loss,135168,-0.005546598695218563,1775339764.2610586
train/policy_gradient_loss,141312,-0.004997573792934418,1775339772.1691096
train/policy_gradient_loss,147456,-0.0060378555208444595,1775339780.1188483
train/policy_gradient_loss,149994,-0.0042918347753584385,1775339817.9418273
train/policy_gradient_loss,159744,-0.005072841886430979,1775339831.4143565
train/policy_gradient_loss,165888,-0.00534487422555685,1775339840.0909307
train/policy_gradient_loss,172032,-0.005500597879290581,1775339848.1542847
train/policy_gradient_loss,178176,-0.004565347917377949,1775339856.3816612
train/policy_gradient_loss,184320,-0.0034012862015515566,1775339864.3021593
train/policy_gradient_loss,190464,-0.004161936230957508,1775339872.364255
train/policy_gradient_loss,196608,-0.005443235859274864,1775339880.4444969
train/policy_gradient_loss,199992,-0.005543922074139118,1775339917.6427507
train/policy_gradient_loss,208896,-0.003977560438215733,1775339928.761202
train/policy_gradient_loss,215040,-0.004943335894495249,1775339937.1548996
train/policy_gradient_loss,221184,-0.0036940714344382286,1775339945.560259
train/policy_gradient_loss,227328,-0.004576527513563633,1775339953.6888149
train/policy_gradient_loss,233472,-0.004940861836075783,1775339961.7694223
train/policy_gradient_loss,239616,-0.004490518942475319,1775339970.1455817
train/policy_gradient_loss,245760,-0.005358688998967409,1775339978.4767747
train/policy_gradient_loss,249990,-0.003385699586942792,1775340017.20467
train/policy_gradient_loss,258048,-0.005544461775571108,1775340027.9703877
train/policy_gradient_loss,264192,-0.004823865834623575,1775340036.6711907
train/policy_gradient_loss,270336,-0.004705396015197039,1775340044.9751146
train/policy_gradient_loss,276480,-0.00582632003352046,1775340052.964949
train/policy_gradient_loss,282624,-0.004974047187715769,1775340061.1330154
train/policy_gradient_loss,288768,-0.006881685461848974,1775340069.4599547
train/policy_gradient_loss,294912,-0.004783519543707371,1775340077.8673632
train/policy_gradient_loss,299988,-0.003998949658125639,1775340117.4559376
train/policy_gradient_loss,307200,-0.005584618076682091,1775340127.8474395
train/policy_gradient_loss,313344,-0.005059617571532726,1775340137.789282
train/policy_gradient_loss,319488,-0.002796788699924946,1775340146.2577527
train/policy_gradient_loss,325632,-0.003265857230871916,1775340154.9600325
train/policy_gradient_loss,331776,-0.004235873930156231,1775340163.7585564
train/policy_gradient_loss,337920,-0.004441081080585718,1775340172.4297674
train/policy_gradient_loss,344064,-0.005311674438416958,1775340181.0084803
train/policy_gradient_loss,349986,-0.004227105062454939,1775340224.314985
train/policy_gradient_loss,356352,-0.004961611237376928,1775340233.0447497
train/policy_gradient_loss,362496,-0.003701377660036087,1775340241.4503646
train/policy_gradient_loss,368640,-0.0032539351377636194,1775340250.075565
train/policy_gradient_loss,374784,-0.0054663363844156265,1775340258.8110538
train/policy_gradient_loss,380928,-0.004835379309952259,1775340267.4219546
train/policy_gradient_loss,387072,-0.002975207520648837,1775340275.9751887
train/policy_gradient_loss,393216,-0.003944252151995897,1775340285.146145
train/policy_gradient_loss,399360,-0.003832436865195632,1775340293.5931458
train/policy_gradient_loss,399984,-0.0038176418747752905,1775340327.640403
train/policy_gradient_loss,411648,-0.0030147884972393513,1775340342.7855191
train/policy_gradient_loss,417792,-0.004464287310838699,1775340351.3974555
train/policy_gradient_loss,423936,-0.00388332805596292,1775340360.3424041
train/policy_gradient_loss,430080,-0.0021976535208523273,1775340369.3574026
train/policy_gradient_loss,436224,-0.003995868843048811,1775340378.2131727
train/policy_gradient_loss,442368,-0.004957293160259724,1775340387.6748147
train/policy_gradient_loss,448512,-0.004379771184176207,1775340396.9160562
train/policy_gradient_loss,449982,-0.004011356737464666,1775340431.9893472
train/policy_gradient_loss,460800,-0.004752228036522865,1775340447.2362683
train/policy_gradient_loss,466944,-0.003206714289262891,1775340456.9374185
train/policy_gradient_loss,473088,-0.0027490619104355574,1775340465.6612892
train/policy_gradient_loss,479232,-0.005876450799405575,1775340474.2955287
train/policy_gradient_loss,485376,-0.006454530172049999,1775340483.0222392
train/policy_gradient_loss,491520,-0.004574852529913187,1775340491.6694443
train/policy_gradient_loss,497664,-0.004392917733639479,1775340500.4662344
train/policy_gradient_loss,499980,-0.0057310196571052074,1775340538.6680374
train/policy_gradient_loss,509952,-0.004078980069607496,1775340551.0389519
train/policy_gradient_loss,516096,-0.00621294928714633,1775340559.5501423
train/policy_gradient_loss,522240,-0.0028214917983859777,1775340568.036471
train/policy_gradient_loss,528384,-0.004557980224490166,1775340576.2304885
train/policy_gradient_loss,534528,-0.003196234116330743,1775340584.6820366
train/policy_gradient_loss,540672,-0.003804408712312579,1775340592.710307
train/policy_gradient_loss,546816,-0.0044189561158418655,1775340600.949871
train/policy_gradient_loss,549978,-0.004409126937389374,1775340639.997543
train/policy_gradient_loss,559104,-0.0036687012761831284,1775340651.4445987
train/policy_gradient_loss,565248,-0.00449143722653389,1775340659.7839644
train/policy_gradient_loss,571392,-0.005267167463898659,1775340668.263717
train/policy_gradient_loss,577536,-0.004017334897071123,1775340676.7835443
train/policy_gradient_loss,583680,-0.004929585848003626,1775340684.9995947
train/policy_gradient_loss,589824,-0.004347363021224737,1775340693.4914625
train/policy_gradient_loss,595968,-0.0041491370648145676,1775340701.7494857
train/policy_gradient_loss,599976,-0.004219838418066502,1775340742.990689
train/policy_gradient_loss,608256,-0.0030587497167289257,1775340753.2941988
train/policy_gradient_loss,614400,-0.003792660543695092,1775340761.6781204
train/policy_gradient_loss,620544,-0.004117557778954506,1775340770.2128286
train/policy_gradient_loss,626688,-0.00434264587238431,1775340779.0253775
train/policy_gradient_loss,632832,-0.0037726566661149263,1775340787.8699167
train/policy_gradient_loss,638976,-0.004390170332044363,1775340797.3191557
train/policy_gradient_loss,645120,-0.004132482223212719,1775340807.1998158
train/policy_gradient_loss,649974,-0.0034027015790343285,1775340845.284511
train/policy_gradient_loss,657408,-0.004270345438271761,1775340855.3435967
train/policy_gradient_loss,663552,-0.005041754804551601,1775340864.3940575
train/policy_gradient_loss,669696,-0.0032565449364483356,1775340873.2598448
train/policy_gradient_loss,675840,-0.003793218871578574,1775340882.5822728
train/policy_gradient_loss,681984,-0.0030091528315097094,1775340891.6607072
train/policy_gradient_loss,688128,-0.0049965824000537395,1775340899.9245358
train/policy_gradient_loss,694272,-0.003181359264999628,1775340908.3886878
train/policy_gradient_loss,699972,-0.0041522555984556675,1775340950.1768105
train/policy_gradient_loss,706560,-0.004416699521243572,1775340959.2444954
train/policy_gradient_loss,712704,-0.0053566633723676205,1775340967.9312088
train/policy_gradient_loss,718848,-0.0029021580703556538,1775340976.6449394
train/policy_gradient_loss,724992,-0.002349431626498699,1775340985.478022
train/policy_gradient_loss,731136,-0.003768870374187827,1775340994.0196967
train/policy_gradient_loss,737280,-0.004659036640077829,1775341002.4494882
train/policy_gradient_loss,743424,-0.004575686529278755,1775341010.828647
train/policy_gradient_loss,749568,-0.0023623888846486807,1775341019.7493567
train/policy_gradient_loss,749970,-0.0024555379059165716,1775341055.0125613
train/policy_gradient_loss,761856,-0.0035545763093978167,1775341069.5485697
train/policy_gradient_loss,768000,-0.0026413833256810904,1775341078.2738202
train/policy_gradient_loss,774144,-0.002983805723488331,1775341087.116672
train/policy_gradient_loss,780288,-0.0028276895172894,1775341095.5833764
train/policy_gradient_loss,786432,-0.0032084682025015354,1775341104.2078035
train/policy_gradient_loss,792576,-0.004075742792338133,1775341113.0625951
train/policy_gradient_loss,798720,-0.0021802857518196106,1775341121.7376292
train/policy_gradient_loss,799968,-0.002835172228515148,1775341161.9708002
train/policy_gradient_loss,811008,-0.0044009508565068245,1775341175.6661055
train/policy_gradient_loss,817152,-0.0019919383339583874,1775341184.0473444
train/policy_gradient_loss,823296,-0.0023919951636344194,1775341192.3768382
train/policy_gradient_loss,829440,-0.002738962648436427,1775341200.527542
train/policy_gradient_loss,835584,-0.002092712791636586,1775341208.951845
train/policy_gradient_loss,841728,-0.0021089110523462296,1775341217.5113313
train/policy_gradient_loss,847872,-0.0019766446202993393,1775341226.9420526
train/policy_gradient_loss,849966,-0.002235889434814453,1775341266.4933882
train/policy_gradient_loss,860160,-0.002411935944110155,1775341278.9399607
train/policy_gradient_loss,866304,-0.002914498094469309,1775341287.7490103
train/policy_gradient_loss,872448,-0.0023019618820399046,1775341296.3964357
train/policy_gradient_loss,878592,-0.002040747320279479,1775341304.9450934
train/policy_gradient_loss,884736,-0.002293876139447093,1775341314.7905586
train/policy_gradient_loss,890880,-0.0020196354016661644,1775341325.6643593
train/policy_gradient_loss,897024,-0.0033993583638221025,1775341334.3385289
train/policy_gradient_loss,899964,-0.001851722365245223,1775341372.5886762
train/policy_gradient_loss,909312,-0.0020501185208559036,1775341385.369391
train/policy_gradient_loss,915456,-0.001963952323421836,1775341395.959444
train/policy_gradient_loss,921600,-0.0017500516260042787,1775341405.5027072
train/policy_gradient_loss,927744,-0.0019266274757683277,1775341414.8377964
train/policy_gradient_loss,933888,-0.0014884864212945104,1775341423.7603633
train/policy_gradient_loss,940032,-0.0020687051583081484,1775341432.846893
train/policy_gradient_loss,946176,-0.0017287145601585507,1775341442.17301
train/policy_gradient_loss,949962,-0.0017363588558509946,1775341479.6489663
train/policy_gradient_loss,958464,-0.0006576800951734185,1775341491.2229614
train/policy_gradient_loss,964608,-0.0015775393694639206,1775341500.1881554
train/policy_gradient_loss,970752,-0.0009431568905711174,1775341509.1450875
train/policy_gradient_loss,976896,-0.0011301453923806548,1775341517.991901
train/policy_gradient_loss,983040,-0.0004695177194662392,1775341526.9067132
train/policy_gradient_loss,989184,-0.00024203442444559187,1775341535.7114625
train/policy_gradient_loss,995328,-0.00023742124903947115,1775341544.5181966
train/policy_gradient_loss,999960,-8.831616287352517e-05,1775341582.2047882
train/value_loss,12288,0.21206901967525482,1775339533.6637146
train/value_loss,18432,0.0561763271689415,1775339541.876249
train/value_loss,24576,0.061127178370952606,1775339550.084629
train/value_loss,30720,0.08569743484258652,1775339558.2217808
train/value_loss,36864,0.09185143560171127,1775339566.3161433
train/value_loss,43008,0.09284718334674835,1775339574.5214784
train/value_loss,49152,0.1088743731379509,1775339582.7185466
train/value_loss,49998,0.11278624832630157,1775339619.6251268
train/value_loss,61440,0.10940038412809372,1775339634.1540313
train/value_loss,67584,0.10443086177110672,1775339642.9298923
train/value_loss,73728,0.09840838611125946,1775339652.0171995
train/value_loss,79872,0.10333624482154846,1775339661.4697309
train/value_loss,86016,0.09663610905408859,1775339669.057572
train/value_loss,92160,0.08561062067747116,1775339676.7398653
train/value_loss,98304,0.0845232829451561,1775339685.0036082
train/value_loss,99996,0.08131793886423111,1775339720.0926404
train/value_loss,110592,0.07991887629032135,1775339732.2900648
train/value_loss,116736,0.08140303194522858,1775339740.2051458
train/value_loss,122880,0.084733746945858,1775339748.154587
train/value_loss,129024,0.08827157318592072,1775339756.1255627
train/value_loss,135168,0.07960482686758041,1775339764.2610705
train/value_loss,141312,0.0893724113702774,1775339772.1691213
train/value_loss,147456,0.07863618433475494,1775339780.1188605
train/value_loss,149994,0.07397174090147018,1775339817.942055
train/value_loss,159744,0.07218345254659653,1775339831.4143686
train/value_loss,165888,0.07793466746807098,1775339840.0909426
train/value_loss,172032,0.06558012217283249,1775339848.1542964
train/value_loss,178176,0.07038944959640503,1775339856.381673
train/value_loss,184320,0.07539600878953934,1775339864.302171
train/value_loss,190464,0.06651882827281952,1775339872.3642664
train/value_loss,196608,0.06449670344591141,1775339880.4445088
train/value_loss,199992,0.06571480631828308,1775339917.6429772
train/value_loss,208896,0.06198463961482048,1775339928.761214
train/value_loss,215040,0.06577331572771072,1775339937.154912
train/value_loss,221184,0.06962063163518906,1775339945.560271
train/value_loss,227328,0.06077098473906517,1775339953.6888266
train/value_loss,233472,0.0668128952383995,1775339961.7694345
train/value_loss,239616,0.060550443828105927,1775339970.1455934
train/value_loss,245760,0.060215674340724945,1775339978.4767866
train/value_loss,249990,0.06211524456739426,1775340017.204906
train/value_loss,258048,0.05833486467599869,1775340027.9703991
train/value_loss,264192,0.06471965461969376,1775340036.6712027
train/value_loss,270336,0.07156437635421753,1775340044.9751263
train/value_loss,276480,0.06397676467895508,1775340052.9649608
train/value_loss,282624,0.06182709336280823,1775340061.133027
train/value_loss,288768,0.06651007384061813,1775340069.4599664
train/value_loss,294912,0.06092635542154312,1775340077.8673751
train/value_loss,299988,0.06563900411128998,1775340117.456207
train/value_loss,307200,0.0628085657954216,1775340127.8474514
train/value_loss,313344,0.06028921157121658,1775340137.7892938
train/value_loss,319488,0.06155801936984062,1775340146.257764
train/value_loss,325632,0.06487144529819489,1775340154.9600441
train/value_loss,331776,0.06045469641685486,1775340163.7585683
train/value_loss,337920,0.06065727025270462,1775340172.4297793
train/value_loss,344064,0.059216514229774475,1775340181.0084915
train/value_loss,349986,0.0679943636059761,1775340224.315281
train/value_loss,356352,0.06403517723083496,1775340233.044762
train/value_loss,362496,0.06280618906021118,1775340241.4503763
train/value_loss,368640,0.060886360704898834,1775340250.075577
train/value_loss,374784,0.05870369076728821,1775340258.8110654
train/value_loss,380928,0.060396913439035416,1775340267.4219666
train/value_loss,387072,0.0658969059586525,1775340275.9752004
train/value_loss,393216,0.05884619057178497,1775340285.1461577
train/value_loss,399360,0.061800435185432434,1775340293.5931575
train/value_loss,399984,0.057744380086660385,1775340327.6406457
train/value_loss,411648,0.05932503938674927,1775340342.7855313
train/value_loss,417792,0.0597168430685997,1775340351.3974671
train/value_loss,423936,0.06309136748313904,1775340360.3424156
train/value_loss,430080,0.06304094195365906,1775340369.3574142
train/value_loss,436224,0.0641339048743248,1775340378.2131846
train/value_loss,442368,0.05706121399998665,1775340387.6748264
train/value_loss,448512,0.05897701531648636,1775340396.916068
train/value_loss,449982,0.0591343492269516,1775340431.9896595
train/value_loss,460800,0.06728126853704453,1775340447.2362802
train/value_loss,466944,0.060226816684007645,1775340456.9374304
train/value_loss,473088,0.0551808625459671,1775340465.6613016
train/value_loss,479232,0.0660986676812172,1775340474.2955406
train/value_loss,485376,0.060759469866752625,1775340483.022251
train/value_loss,491520,0.05613519251346588,1775340491.6694565
train/value_loss,497664,0.06513525545597076,1775340500.4662464
train/value_loss,499980,0.062311094254255295,1775340538.668269
train/value_loss,509952,0.06305800378322601,1775340551.038964
train/value_loss,516096,0.05790086090564728,1775340559.5501544
train/value_loss,522240,0.06441156566143036,1775340568.0364823
train/value_loss,528384,0.06389433145523071,1775340576.2305007
train/value_loss,534528,0.06539494544267654,1775340584.6820486
train/value_loss,540672,0.06483965367078781,1775340592.7103195
train/value_loss,546816,0.06480030715465546,1775340600.9498832
train/value_loss,549978,0.06584282219409943,1775340639.9977684
train/value_loss,559104,0.0671708956360817,1775340651.4446104
train/value_loss,565248,0.07109727710485458,1775340659.783976
train/value_loss,571392,0.061171915382146835,1775340668.2637289
train/value_loss,577536,0.06378370523452759,1775340676.783556
train/value_loss,583680,0.06230611726641655,1775340684.9996066
train/value_loss,589824,0.06185680255293846,1775340693.4914749
train/value_loss,595968,0.06564699113368988,1775340701.7494977
train/value_loss,599976,0.06531203538179398,1775340742.9909468
train/value_loss,608256,0.05670435354113579,1775340753.294211
train/value_loss,614400,0.06223549321293831,1775340761.6781323
train/value_loss,620544,0.061867669224739075,1775340770.212841
train/value_loss,626688,0.06588604301214218,1775340779.0253966
train/value_loss,632832,0.06839868426322937,1775340787.8699284
train/value_loss,638976,0.061630409210920334,1775340797.3191679
train/value_loss,645120,0.0651058554649353,1775340807.1998274
train/value_loss,649974,0.066843181848526,1775340845.2847395
train/value_loss,657408,0.06569460034370422,1775340855.3436086
train/value_loss,663552,0.06155761331319809,1775340864.3940694
train/value_loss,669696,0.05983777344226837,1775340873.2598567
train/value_loss,675840,0.059167370200157166,1775340882.5822933
train/value_loss,681984,0.06435038894414902,1775340891.660719
train/value_loss,688128,0.06023344397544861,1775340899.9245553
train/value_loss,694272,0.05997079983353615,1775340908.3887
train/value_loss,699972,0.06465765833854675,1775340950.1770527
train/value_loss,706560,0.0698104277253151,1775340959.2445068
train/value_loss,712704,0.06794629245996475,1775340967.9312205
train/value_loss,718848,0.06227191537618637,1775340976.6449516
train/value_loss,724992,0.06459768116474152,1775340985.4780338
train/value_loss,731136,0.06354492157697678,1775340994.0197082
train/value_loss,737280,0.06470534205436707,1775341002.4495003
train/value_loss,743424,0.06952890753746033,1775341010.828658
train/value_loss,749568,0.0630103200674057,1775341019.7493684
train/value_loss,749970,0.06824219971895218,1775341055.0128458
train/value_loss,761856,0.06293028593063354,1775341069.5485814
train/value_loss,768000,0.0659031867980957,1775341078.2738326
train/value_loss,774144,0.06704359501600266,1775341087.1166835
train/value_loss,780288,0.06653134524822235,1775341095.583388
train/value_loss,786432,0.0626862496137619,1775341104.2078166
train/value_loss,792576,0.06528788805007935,1775341113.0626068
train/value_loss,798720,0.06540673226118088,1775341121.7376409
train/value_loss,799968,0.06631936877965927,1775341161.9710505
train/value_loss,811008,0.061002347618341446,1775341175.6661172
train/value_loss,817152,0.06506743282079697,1775341184.0473564
train/value_loss,823296,0.06526511907577515,1775341192.37685
train/value_loss,829440,0.06933393329381943,1775341200.5275538
train/value_loss,835584,0.06499325484037399,1775341208.9518564
train/value_loss,841728,0.061671286821365356,1775341217.5113437
train/value_loss,847872,0.06375458836555481,1775341226.942064
train/value_loss,849966,0.062136128544807434,1775341266.4936538
train/value_loss,860160,0.06676913052797318,1775341278.9399729
train/value_loss,866304,0.059909116476774216,1775341287.749022
train/value_loss,872448,0.06845369935035706,1775341296.3964474
train/value_loss,878592,0.06722705811262131,1775341304.9451048
train/value_loss,884736,0.06594379246234894,1775341314.7905705
train/value_loss,890880,0.06897880136966705,1775341325.6643713
train/value_loss,897024,0.062004800885915756,1775341334.3385408
train/value_loss,899964,0.058820806443691254,1775341372.5890117
train/value_loss,909312,0.06637406349182129,1775341385.3694026
train/value_loss,915456,0.058726727962493896,1775341395.9594557
train/value_loss,921600,0.06608742475509644,1775341405.5027192
train/value_loss,927744,0.06878765672445297,1775341414.8378084
train/value_loss,933888,0.06266710162162781,1775341423.7603748
train/value_loss,940032,0.06623023748397827,1775341432.8469048
train/value_loss,946176,0.061085235327482224,1775341442.1730223
train/value_loss,949962,0.06507134437561035,1775341479.6492333
train/value_loss,958464,0.06583958119153976,1775341491.2229733
train/value_loss,964608,0.06333908438682556,1775341500.1881673
train/value_loss,970752,0.07172627747058868,1775341509.1450992
train/value_loss,976896,0.06413176655769348,1775341517.9919121
train/value_loss,983040,0.06046505272388458,1775341526.906726
train/value_loss,989184,0.0678054466843605,1775341535.711474
train/value_loss,995328,0.06743058562278748,1775341544.518219
train/value_loss,999960,0.06462216377258301,1775341582.2050192
eval/load_std,49998,0.0,1775339619.6221025
eval/load_std,99996,0.0,1775339720.0894942
eval/load_std,149994,0.0,1775339817.939134
eval/load_std,199992,0.0,1775339917.6398218
eval/load_std,249990,0.0,1775340017.201944
eval/load_std,299988,0.0,1775340117.4527028
eval/load_std,349986,0.0,1775340224.3101008
eval/load_std,399984,0.0,1775340327.6377497
eval/load_std,449982,0.0,1775340431.9867525
eval/load_std,499980,0.0,1775340538.6654313
eval/load_std,549978,0.0,1775340639.9949272
eval/load_std,599976,0.0,1775340742.9878087
eval/load_std,649974,0.0,1775340845.281614
eval/load_std,699972,0.0,1775340950.1737328
eval/load_std,749970,0.0,1775341055.0096292
eval/load_std,799968,0.0,1775341161.9679096
eval/load_std,849966,0.0,1775341266.490719
eval/load_std,899964,0.0,1775341372.5860255
eval/load_std,949962,0.0,1775341479.6460886
eval/load_std,999960,0.0,1775341582.201822
eval/rl_ts_gap_vs_baseline,49998,-1.8523197174072266,1775339619.6221404
eval/rl_ts_gap_vs_baseline,99996,-2.565608263015747,1775339720.0895312
eval/rl_ts_gap_vs_baseline,149994,-2.7724130153656006,1775339817.9391768
eval/rl_ts_gap_vs_baseline,199992,-2.7972311973571777,1775339917.6398623
eval/rl_ts_gap_vs_baseline,249990,-2.6555685997009277,1775340017.2019827
eval/rl_ts_gap_vs_baseline,299988,-2.6981616020202637,1775340117.452738
eval/rl_ts_gap_vs_baseline,349986,-2.578141450881958,1775340224.3101432
eval/rl_ts_gap_vs_baseline,399984,-2.684087038040161,1775340327.6377852
eval/rl_ts_gap_vs_baseline,449982,-3.0695600509643555,1775340431.9867902
eval/rl_ts_gap_vs_baseline,499980,-2.585801362991333,1775340538.665468
eval/rl_ts_gap_vs_baseline,549978,-2.6224799156188965,1775340639.994966
eval/rl_ts_gap_vs_baseline,599976,-2.4281165599823,1775340742.987844
eval/rl_ts_gap_vs_baseline,649974,-2.903932809829712,1775340845.2816498
eval/rl_ts_gap_vs_baseline,699972,-3.031398057937622,1775340950.1737716
eval/rl_ts_gap_vs_baseline,749970,-2.8744888305664062,1775341055.0096695
eval/rl_ts_gap_vs_baseline,799968,-2.805907964706421,1775341161.9679449
eval/rl_ts_gap_vs_baseline,849966,-2.6888413429260254,1775341266.4907606
eval/rl_ts_gap_vs_baseline,899964,-2.702648639678955,1775341372.5860612
eval/rl_ts_gap_vs_baseline,949962,-2.979888677597046,1775341479.6461244
eval/rl_ts_gap_vs_baseline,999960,-3.1600444316864014,1775341582.2018642
eval/rl_ts_mean_ride,49998,8.21367359161377,1775339619.6221569
eval/rl_ts_mean_ride,99996,8.12320613861084,1775339720.0895472
eval/rl_ts_mean_ride,149994,8.186077117919922,1775339817.9391925
eval/rl_ts_mean_ride,199992,8.096633911132812,1775339917.6398778
eval/rl_ts_mean_ride,249990,8.22395133972168,1775340017.201999
eval/rl_ts_mean_ride,299988,8.218568801879883,1775340117.4527538
eval/rl_ts_mean_ride,349986,8.18923568725586,1775340224.31016
eval/rl_ts_mean_ride,399984,8.192748069763184,1775340327.6378007
eval/rl_ts_mean_ride,449982,8.201976776123047,1775340431.9868066
eval/rl_ts_mean_ride,499980,8.190499305725098,1775340538.6654842
eval/rl_ts_mean_ride,549978,8.280826568603516,1775340639.994984
eval/rl_ts_mean_ride,599976,8.167022705078125,1775340742.9878597
eval/rl_ts_mean_ride,649974,8.122248649597168,1775340845.2816663
eval/rl_ts_mean_ride,699972,8.091683387756348,1775340950.1737888
eval/rl_ts_mean_ride,749970,8.092885971069336,1775341055.009686
eval/rl_ts_mean_ride,799968,8.078690528869629,1775341161.9679615
eval/rl_ts_mean_ride,849966,8.134458541870117,1775341266.490777
eval/rl_ts_mean_ride,899964,8.230828285217285,1775341372.5860784
eval/rl_ts_mean_ride,949962,8.109705924987793,1775341479.6461399
eval/rl_ts_mean_ride,999960,8.176980018615723,1775341582.2018814
eval/rl_ts_mean_wait,49998,5.557680130004883,1775339619.622171
eval/rl_ts_mean_wait,99996,4.844391822814941,1775339720.0895607
eval/rl_ts_mean_wait,149994,4.637587070465088,1775339817.9392056
eval/rl_ts_mean_wait,199992,4.612768650054932,1775339917.639891
eval/rl_ts_mean_wait,249990,4.754431247711182,1775340017.2020123
eval/rl_ts_mean_wait,299988,4.711838722229004,1775340117.4527671
eval/rl_ts_mean_wait,349986,4.8318586349487305,1775340224.3101737
eval/rl_ts_mean_wait,399984,4.725913047790527,1775340327.637814
eval/rl_ts_mean_wait,449982,4.340439796447754,1775340431.9868205
eval/rl_ts_mean_wait,499980,4.8241987228393555,1775340538.6654975
eval/rl_ts_mean_wait,549978,4.787519931793213,1775340639.9949977
eval/rl_ts_mean_wait,599976,4.981883525848389,1775340742.987873
eval/rl_ts_mean_wait,649974,4.506067276000977,1775340845.2816799
eval/rl_ts_mean_wait,699972,4.378602027893066,1775340950.1738033
eval/rl_ts_mean_wait,749970,4.535511016845703,1775341055.0096996
eval/rl_ts_mean_wait,799968,4.604092121124268,1775341161.9679751
eval/rl_ts_mean_wait,849966,4.721158981323242,1775341266.4907904
eval/rl_ts_mean_wait,899964,4.707351207733154,1775341372.5860918
eval/rl_ts_mean_wait,949962,4.430111408233643,1775341479.6461532
eval/rl_ts_mean_wait,999960,4.249955654144287,1775341582.201895
eval/rl_ts_p95_wait,49998,17.03350830078125,1775339619.6221828
eval/rl_ts_p95_wait,99996,15.994816780090332,1775339720.0895734
eval/rl_ts_p95_wait,149994,15.177460670471191,1775339817.9392178
eval/rl_ts_p95_wait,199992,15.268590927124023,1775339917.6399033
eval/rl_ts_p95_wait,249990,15.89318561553955,1775340017.2020252
eval/rl_ts_p95_wait,299988,14.657783508300781,1775340117.4527802
eval/rl_ts_p95_wait,349986,15.78630256652832,1775340224.310187
eval/rl_ts_p95_wait,399984,15.567946434020996,1775340327.6378257
eval/rl_ts_p95_wait,449982,14.082605361938477,1775340431.986833
eval/rl_ts_p95_wait,499980,16.653888702392578,1775340538.6655102
eval/rl_ts_p95_wait,549978,15.176678657531738,1775340639.9950106
eval/rl_ts_p95_wait,599976,16.833412170410156,1775340742.9878852
eval/rl_ts_p95_wait,649974,14.062042236328125,1775340845.2816927
eval/rl_ts_p95_wait,699972,14.684198379516602,1775340950.1738162
eval/rl_ts_p95_wait,749970,15.51933479309082,1775341055.0097122
eval/rl_ts_p95_wait,799968,15.541537284851074,1775341161.9679878
eval/rl_ts_p95_wait,849966,15.43271541595459,1775341266.4908032
eval/rl_ts_p95_wait,899964,15.440524101257324,1775341372.5861046
eval/rl_ts_p95_wait,949962,15.727755546569824,1775341479.6461651
eval/rl_ts_p95_wait,999960,13.821097373962402,1775341582.2019079
eval/rl_ts_rejected,49998,39.33333206176758,1775339619.6221955
eval/rl_ts_rejected,99996,42.66666793823242,1775339720.089585
eval/rl_ts_rejected,149994,42.66666793823242,1775339817.9392302
eval/rl_ts_rejected,199992,40.33333206176758,1775339917.6399152
eval/rl_ts_rejected,249990,39.0,1775340017.2020376
eval/rl_ts_rejected,299988,38.33333206176758,1775340117.4527926
eval/rl_ts_rejected,349986,38.33333206176758,1775340224.310199
eval/rl_ts_rejected,399984,38.33333206176758,1775340327.637838
eval/rl_ts_rejected,449982,38.33333206176758,1775340431.9868448
eval/rl_ts_rejected,499980,38.33333206176758,1775340538.665523
eval/rl_ts_rejected,549978,38.33333206176758,1775340639.9950223
eval/rl_ts_rejected,599976,39.66666793823242,1775340742.9878972
eval/rl_ts_rejected,649974,38.33333206176758,1775340845.2817047
eval/rl_ts_rejected,699972,38.33333206176758,1775340950.1738286
eval/rl_ts_rejected,749970,38.66666793823242,1775341055.0097244
eval/rl_ts_rejected,799968,39.33333206176758,1775341161.9679997
eval/rl_ts_rejected,849966,38.66666793823242,1775341266.490815
eval/rl_ts_rejected,899964,38.33333206176758,1775341372.5861163
eval/rl_ts_rejected,949962,38.33333206176758,1775341479.6461773
eval/rl_ts_rejected,999960,38.33333206176758,1775341582.2019203
eval/rl_ts_score,49998,9.491013526916504,1775339619.6222072
eval/rl_ts_score,99996,9.111058235168457,1775339720.089597
eval/rl_ts_score,149994,8.904253959655762,1775339817.9392416
eval/rl_ts_score,199992,8.646101951599121,1775339917.6399274
eval/rl_ts_score,249990,8.654431343078613,1775340017.2020495
eval/rl_ts_score,299988,8.545171737670898,1775340117.4528043
eval/rl_ts_score,349986,8.665191650390625,1775340224.3102112
eval/rl_ts_score,399984,8.559246063232422,1775340327.6378496
eval/rl_ts_score,449982,8.173772811889648,1775340431.986857
eval/rl_ts_score,499980,8.65753173828125,1775340538.665535
eval/rl_ts_score,549978,8.620853424072266,1775340639.995035
eval/rl_ts_score,599976,8.9485502243042,1775340742.9879086
eval/rl_ts_score,649974,8.339400291442871,1775340845.2817168
eval/rl_ts_score,699972,8.211935043334961,1775340950.173841
eval/rl_ts_score,749970,8.402177810668945,1775341055.0097365
eval/rl_ts_score,799968,8.53742504119873,1775341161.9680114
eval/rl_ts_score,849966,8.587825775146484,1775341266.490827
eval/rl_ts_score,899964,8.540684700012207,1775341372.5861287
eval/rl_ts_score,949962,8.263444900512695,1775341479.6461892
eval/rl_ts_score,999960,8.08328914642334,1775341582.2019322
eval/rl_ts_service_rate,49998,0.8051038384437561,1775339619.6222193
eval/rl_ts_service_rate,99996,0.8020892143249512,1775339720.089609
eval/rl_ts_service_rate,149994,0.8059038519859314,1775339817.9392533
eval/rl_ts_service_rate,199992,0.8060953617095947,1775339917.6399388
eval/rl_ts_service_rate,249990,0.8136937618255615,1775340017.202062
eval/rl_ts_service_rate,299988,0.7994182705879211,1775340117.4528158
eval/rl_ts_service_rate,349986,0.8146530389785767,1775340224.310223
eval/rl_ts_service_rate,399984,0.8062378168106079,1775340327.637861
eval/rl_ts_service_rate,449982,0.8088765740394592,1775340431.986869
eval/rl_ts_service_rate,499980,0.8118382096290588,1775340538.665547
eval/rl_ts_service_rate,549978,0.8155955076217651,1775340639.9950466
eval/rl_ts_service_rate,599976,0.819106936454773,1775340742.9879205
eval/rl_ts_service_rate,649974,0.8145371079444885,1775340845.2817283
eval/rl_ts_service_rate,699972,0.8079075813293457,1775340950.1738532
eval/rl_ts_service_rate,749970,0.8070964813232422,1775341055.0097485
eval/rl_ts_service_rate,799968,0.7965908646583557,1775341161.968023
eval/rl_ts_service_rate,849966,0.804004967212677,1775341266.4908388
eval/rl_ts_service_rate,899964,0.8098079562187195,1775341372.5861406
eval/rl_ts_service_rate,949962,0.795575737953186,1775341479.6462011
eval/rl_ts_service_rate,999960,0.8032482862472534,1775341582.2019444
eval/rl_ts_ts_improvements,49998,162.3333282470703,1775339619.6222308
eval/rl_ts_ts_improvements,99996,140.3333282470703,1775339720.0896206
eval/rl_ts_ts_improvements,149994,139.0,1775339817.9392645
eval/rl_ts_ts_improvements,199992,134.0,1775339917.6399503
eval/rl_ts_ts_improvements,249990,128.0,1775340017.2020736
eval/rl_ts_ts_improvements,299988,140.3333282470703,1775340117.4528277
eval/rl_ts_ts_improvements,349986,138.6666717529297,1775340224.310235
eval/rl_ts_ts_improvements,399984,131.0,1775340327.6378725
eval/rl_ts_ts_improvements,449982,125.0,1775340431.9868808
eval/rl_ts_ts_improvements,499980,137.0,1775340538.6655586
eval/rl_ts_ts_improvements,549978,142.0,1775340639.995058
eval/rl_ts_ts_improvements,599976,130.3333282470703,1775340742.9879324
eval/rl_ts_ts_improvements,649974,130.6666717529297,1775340845.2817397
eval/rl_ts_ts_improvements,699972,137.3333282470703,1775340950.1738648
eval/rl_ts_ts_improvements,749970,125.0,1775341055.00976
eval/rl_ts_ts_improvements,799968,130.0,1775341161.9680345
eval/rl_ts_ts_improvements,849966,132.3333282470703,1775341266.4908504
eval/rl_ts_ts_improvements,899964,137.0,1775341372.5861526
eval/rl_ts_ts_improvements,949962,129.6666717529297,1775341479.6462126
eval/rl_ts_ts_improvements,999960,119.66666412353516,1775341582.201956
eval/standalone_mean_wait,49998,10.843734741210938,1775339619.6222422
eval/standalone_mean_wait,99996,8.831535339355469,1775339720.0896323
eval/standalone_mean_wait,149994,8.496691703796387,1775339817.9392762
eval/standalone_mean_wait,199992,9.143261909484863,1775339917.639962
eval/standalone_mean_wait,249990,9.931985855102539,1775340017.202085
eval/standalone_mean_wait,299988,10.54543685913086,1775340117.4528394
eval/standalone_mean_wait,349986,10.412703514099121,1775340224.310247
eval/standalone_mean_wait,399984,10.154595375061035,1775340327.6378841
eval/standalone_mean_wait,449982,9.970683097839355,1775340431.9868922
eval/standalone_mean_wait,499980,10.150031089782715,1775340538.6655698
eval/standalone_mean_wait,549978,10.176551818847656,1775340639.9950697
eval/standalone_mean_wait,599976,10.14974308013916,1775340742.9879436
eval/standalone_mean_wait,649974,9.781777381896973,1775340845.2817512
eval/standalone_mean_wait,699972,10.543619155883789,1775340950.173877
eval/standalone_mean_wait,749970,9.892104148864746,1775341055.009772
eval/standalone_mean_wait,799968,9.706121444702148,1775341161.9680464
eval/standalone_mean_wait,849966,10.426019668579102,1775341266.4908624
eval/standalone_mean_wait,899964,10.05036449432373,1775341372.586164
eval/standalone_mean_wait,949962,9.827921867370605,1775341479.6462245
eval/standalone_mean_wait,999960,9.541728973388672,1775341582.2019687
eval/standalone_rejected,49998,56.66666793823242,1775339619.622254
eval/standalone_rejected,99996,60.0,1775339720.0896435
eval/standalone_rejected,149994,60.33333206176758,1775339817.939288
eval/standalone_rejected,199992,56.33333206176758,1775339917.6399734
eval/standalone_rejected,249990,51.66666793823242,1775340017.202097
eval/standalone_rejected,299988,51.33333206176758,1775340117.452851
eval/standalone_rejected,349986,48.66666793823242,1775340224.3102586
eval/standalone_rejected,399984,52.0,1775340327.6378953
eval/standalone_rejected,449982,52.33333206176758,1775340431.9869041
eval/standalone_rejected,499980,51.33333206176758,1775340538.6655815
eval/standalone_rejected,549978,53.33333206176758,1775340639.9950814
eval/standalone_rejected,599976,52.33333206176758,1775340742.9879549
eval/standalone_rejected,649974,52.0,1775340845.2817628
eval/standalone_rejected,699972,51.66666793823242,1775340950.173889
eval/standalone_rejected,749970,52.33333206176758,1775341055.0097837
eval/standalone_rejected,799968,53.33333206176758,1775341161.9680579
eval/standalone_rejected,849966,54.66666793823242,1775341266.490874
eval/standalone_rejected,899964,52.33333206176758,1775341372.586176
eval/standalone_rejected,949962,51.66666793823242,1775341479.646236
eval/standalone_rejected,999960,51.66666793823242,1775341582.2019804
eval/standalone_service_rate,49998,0.8384748697280884,1775339619.62239
eval/standalone_service_rate,99996,0.8288712501525879,1775339720.0897815
eval/standalone_service_rate,149994,0.8279553055763245,1775339817.9394464
eval/standalone_service_rate,199992,0.8394914269447327,1775339917.6401408
eval/standalone_service_rate,249990,0.8528119325637817,1775340017.202233
eval/standalone_service_rate,299988,0.8537404537200928,1775340117.4529893
eval/standalone_service_rate,349986,0.8612704873085022,1775340224.3104026
eval/standalone_service_rate,399984,0.8519560694694519,1775340327.6379943
eval/standalone_service_rate,449982,0.8508668541908264,1775340431.987004
eval/standalone_service_rate,499980,0.8536384105682373,1775340538.6657217
eval/standalone_service_rate,549978,0.8479667901992798,1775340639.99519
eval/standalone_service_rate,599976,0.8508389592170715,1775340742.988054
eval/standalone_service_rate,649974,0.8518107533454895,1775340845.2818997
eval/standalone_service_rate,699972,0.852709949016571,1775340950.1740274
eval/standalone_service_rate,749970,0.850852906703949,1775341055.0098953
eval/standalone_service_rate,799968,0.8479514122009277,1775341161.968199
eval/standalone_service_rate,849966,0.8442080616950989,1775341266.491024
eval/standalone_service_rate,899964,0.8508389592170715,1775341372.5863094
eval/standalone_service_rate,949962,0.8527113795280457,1775341479.6464293
eval/standalone_service_rate,999960,0.8526666164398193,1775341582.2020912
eval/synergy_gap_wait,49998,5.286054611206055,1775339619.6227975
eval/synergy_gap_wait,99996,3.9871432781219482,1775339720.0901763
eval/synergy_gap_wait,149994,3.859104871749878,1775339817.9398425
eval/synergy_gap_wait,199992,4.530492782592773,1775339917.6405668
eval/synergy_gap_wait,249990,5.177554130554199,1775340017.2026148
eval/synergy_gap_wait,299988,5.8335981369018555,1775340117.4534497
eval/synergy_gap_wait,349986,5.580845355987549,1775340224.31084
eval/synergy_gap_wait,399984,5.428682327270508,1775340327.638383
eval/synergy_gap_wait,449982,5.630243301391602,1775340431.987402
eval/synergy_gap_wait,499980,5.325831890106201,1775340538.666105
eval/synergy_gap_wait,549978,5.389031410217285,1775340639.9955852
eval/synergy_gap_wait,599976,5.1678595542907715,1775340742.9884417
eval/synergy_gap_wait,649974,5.275710105895996,1775340845.2823057
eval/synergy_gap_wait,699972,6.165017127990723,1775340950.1744833
eval/synergy_gap_wait,749970,5.356593132019043,1775341055.0102825
eval/synergy_gap_wait,799968,5.102028846740723,1775341161.9686322
eval/synergy_gap_wait,849966,5.704861164093018,1775341266.4913683
eval/synergy_gap_wait,899964,5.343012809753418,1775341372.5867236
eval/synergy_gap_wait,949962,5.397810935974121,1775341479.6468525
eval/synergy_gap_wait,999960,5.291773796081543,1775341582.2024982
