tag,step,value,wall_time
time/fps,6144,825.0,1775502170.3891792
time/fps,12288,726.0,1775502179.8579233
time/fps,18432,706.0,1775502189.0547395
time/fps,24576,704.0,1775502197.814903
time/fps,30720,705.0,1775502206.5208917
time/fps,36864,711.0,1775502214.7318144
time/fps,43008,710.0,1775502223.4824312
time/fps,49152,708.0,1775502232.3451219
time/fps,55296,498.0,1775502273.8795817
time/fps,61440,513.0,1775502282.6643214
time/fps,67584,526.0,1775502291.2648954
time/fps,73728,529.0,1775502302.2053235
time/fps,79872,534.0,1775502312.4202766
time/fps,86016,542.0,1775502321.4719858
time/fps,92160,550.0,1775502330.3617978
time/fps,98304,557.0,1775502339.2816696
time/fps,104448,496.0,1775502373.2610738
time/fps,110592,503.0,1775502382.437702
time/fps,116736,510.0,1775502391.5607703
time/fps,122880,517.0,1775502400.2949636
time/fps,129024,524.0,1775502408.9348454
time/fps,135168,528.0,1775502418.6712182
time/fps,141312,531.0,1775502428.7682872
time/fps,147456,537.0,1775502437.5175848
time/fps,153600,503.0,1775502467.7508128
time/fps,159744,509.0,1775502476.5266678
time/fps,165888,514.0,1775502485.0849414
time/fps,172032,520.0,1775502493.5283794
time/fps,178176,525.0,1775502501.9491277
time/fps,184320,530.0,1775502510.3443992
time/fps,190464,535.0,1775502518.7376196
time/fps,196608,539.0,1775502527.1155696
time/fps,202752,511.0,1775502559.7117321
time/fps,208896,515.0,1775502568.1140447
time/fps,215040,520.0,1775502576.478538
time/fps,221184,524.0,1775502584.8319535
time/fps,227328,528.0,1775502593.4532175
time/fps,233472,531.0,1775502601.9713445
time/fps,239616,535.0,1775502610.4941576
time/fps,245760,538.0,1775502619.0442796
time/fps,251904,516.0,1775502651.1022427
time/fps,258048,519.0,1775502659.5034928
time/fps,264192,523.0,1775502667.9562888
time/fps,270336,526.0,1775502676.4849575
time/fps,276480,529.0,1775502684.8350024
time/fps,282624,532.0,1775502693.2874348
time/fps,288768,535.0,1775502701.893079
time/fps,294912,538.0,1775502710.365122
time/fps,301056,518.0,1775502743.7840455
time/fps,307200,521.0,1775502752.1519992
time/fps,313344,524.0,1775502760.676584
time/fps,319488,527.0,1775502769.182339
time/fps,325632,529.0,1775502777.5457902
time/fps,331776,532.0,1775502785.9941022
time/fps,337920,535.0,1775502794.332943
time/fps,344064,537.0,1775502802.7421227
time/fps,350208,522.0,1775502833.271872
time/fps,356352,525.0,1775502841.6522367
time/fps,362496,527.0,1775502850.1430552
time/fps,368640,529.0,1775502858.5201902
time/fps,374784,532.0,1775502866.8922274
time/fps,380928,534.0,1775502875.3355393
time/fps,387072,537.0,1775502883.6755896
time/fps,393216,539.0,1775502892.1121135
time/fps,399360,541.0,1775502900.4811106
time/fps,405504,524.0,1775502935.7278981
time/fps,411648,526.0,1775502945.026034
time/fps,417792,527.0,1775502954.4502845
time/fps,423936,529.0,1775502963.6385195
time/fps,430080,530.0,1775502973.1078222
time/fps,436224,532.0,1775502982.8138175
time/fps,442368,533.0,1775502992.6158738
time/fps,448512,534.0,1775503002.1467185
time/fps,454656,522.0,1775503032.9831831
time/fps,460800,523.0,1775503042.491429
time/fps,466944,525.0,1775503052.2441113
time/fps,473088,526.0,1775503061.7984395
time/fps,479232,527.0,1775503071.3034763
time/fps,485376,528.0,1775503080.7338529
time/fps,491520,530.0,1775503090.1550946
time/fps,497664,531.0,1775503099.8563
time/fps,503808,519.0,1775503133.4994164
time/fps,509952,520.0,1775503142.9184115
time/fps,516096,521.0,1775503152.29486
time/fps,522240,522.0,1775503161.7879877
time/fps,528384,524.0,1775503171.277813
time/fps,534528,525.0,1775503180.6789274
time/fps,540672,526.0,1775503190.0923817
time/fps,546816,527.0,1775503199.5330596
time/fps,552960,515.0,1775503234.978498
time/fps,559104,516.0,1775503244.499239
time/fps,565248,518.0,1775503253.982292
time/fps,571392,519.0,1775503263.3976588
time/fps,577536,520.0,1775503272.886042
time/fps,583680,521.0,1775503281.770442
time/fps,589824,523.0,1775503290.3425314
time/fps,595968,524.0,1775503298.8469286
time/fps,602112,515.0,1775503331.0610785
time/fps,608256,516.0,1775503339.5169399
time/fps,614400,518.0,1775503348.1136668
time/fps,620544,519.0,1775503356.7146404
time/fps,626688,521.0,1775503365.3100162
time/fps,632832,522.0,1775503373.8368402
time/fps,638976,523.0,1775503382.385065
time/fps,645120,525.0,1775503391.2692182
time/fps,651264,516.0,1775503425.0404613
time/fps,657408,517.0,1775503433.6255498
time/fps,663552,518.0,1775503442.6121354
time/fps,669696,519.0,1775503451.8257551
time/fps,675840,520.0,1775503460.8064268
time/fps,681984,521.0,1775503469.553909
time/fps,688128,523.0,1775503477.8231666
time/fps,694272,524.0,1775503486.5347962
time/fps,700416,515.0,1775503520.4338377
time/fps,706560,517.0,1775503528.9946606
time/fps,712704,518.0,1775503537.7927935
time/fps,718848,519.0,1775503546.085961
time/fps,724992,520.0,1775503554.6995568
time/fps,731136,522.0,1775503563.0212655
time/fps,737280,523.0,1775503571.2976742
time/fps,743424,524.0,1775503580.2108061
time/fps,749568,525.0,1775503588.203303
time/fps,755712,519.0,1775503617.1296356
time/fps,761856,520.0,1775503625.3624191
time/fps,768000,522.0,1775503634.1218948
time/fps,774144,523.0,1775503642.071482
time/fps,780288,524.0,1775503650.1083164
time/fps,786432,525.0,1775503658.351854
time/fps,792576,527.0,1775503666.3594635
time/fps,798720,528.0,1775503674.4798427
time/fps,804864,520.0,1775503708.8569741
time/fps,811008,521.0,1775503717.501108
time/fps,817152,522.0,1775503726.9478471
time/fps,823296,523.0,1775503736.8495688
time/fps,829440,523.0,1775503746.283868
time/fps,835584,524.0,1775503754.962326
time/fps,841728,525.0,1775503763.4889739
time/fps,847872,526.0,1775503772.251429
time/fps,854016,519.0,1775503807.2785642
time/fps,860160,520.0,1775503815.9533477
time/fps,866304,521.0,1775503824.6134043
time/fps,872448,522.0,1775503833.1380806
time/fps,878592,523.0,1775503841.6183956
time/fps,884736,524.0,1775503850.4589167
time/fps,890880,525.0,1775503859.82624
time/fps,897024,525.0,1775503868.3698606
time/fps,903168,519.0,1775503902.945129
time/fps,909312,519.0,1775503912.7443426
time/fps,915456,520.0,1775503922.6676645
time/fps,921600,521.0,1775503931.4446852
time/fps,927744,521.0,1775503941.0184329
time/fps,933888,522.0,1775503950.5678847
time/fps,940032,523.0,1775503960.1821423
time/fps,946176,523.0,1775503969.7949703
time/fps,952320,516.0,1775504005.0005162
time/fps,958464,517.0,1775504014.6580112
time/fps,964608,518.0,1775504024.0841653
time/fps,970752,518.0,1775504033.552776
time/fps,976896,519.0,1775504042.997234
time/fps,983040,520.0,1775504052.5572143
time/fps,989184,520.0,1775504062.073808
time/fps,995328,521.0,1775504071.4733665
time/fps,1001472,515.0,1775504105.1008708
train/approx_kl,12288,0.010187499225139618,1775502179.85797
train/approx_kl,18432,0.01064331829547882,1775502189.0547786
train/approx_kl,24576,0.007907520048320293,1775502197.8149457
train/approx_kl,30720,0.00704914191737771,1775502206.520936
train/approx_kl,36864,0.005482805427163839,1775502214.7318642
train/approx_kl,43008,0.005920098628848791,1775502223.4824684
train/approx_kl,49152,0.0050332872197031975,1775502232.3451605
train/approx_kl,49998,0.006827525794506073,1775502268.0526779
train/approx_kl,61440,0.005995681509375572,1775502282.6643748
train/approx_kl,67584,0.006127010565251112,1775502291.264961
train/approx_kl,73728,0.006432205438613892,1775502302.2053673
train/approx_kl,79872,0.006902284454554319,1775502312.420314
train/approx_kl,86016,0.0074731577187776566,1775502321.4720237
train/approx_kl,92160,0.006950689945369959,1775502330.3618348
train/approx_kl,98304,0.005842676851898432,1775502339.281711
train/approx_kl,99996,0.006525218952447176,1775502368.426015
train/approx_kl,110592,0.006346122827380896,1775502382.4377434
train/approx_kl,116736,0.00641811266541481,1775502391.5608122
train/approx_kl,122880,0.007856438867747784,1775502400.2950003
train/approx_kl,129024,0.006354352924972773,1775502408.934884
train/approx_kl,135168,0.0065961070358753204,1775502418.671256
train/approx_kl,141312,0.0062430971302092075,1775502428.7683618
train/approx_kl,147456,0.00592108303681016,1775502437.5176232
train/approx_kl,149994,0.006852572318166494,1775502463.8783436
train/approx_kl,159744,0.007440085988491774,1775502476.5267031
train/approx_kl,165888,0.006826925557106733,1775502485.0849764
train/approx_kl,172032,0.0056321881711483,1775502493.528417
train/approx_kl,178176,0.0049834647215902805,1775502501.9491687
train/approx_kl,184320,0.006913339253515005,1775502510.3444352
train/approx_kl,190464,0.006496863905340433,1775502518.7376604
train/approx_kl,196608,0.005495015997439623,1775502527.1156104
train/approx_kl,199992,0.006112791132181883,1775502556.7520113
train/approx_kl,208896,0.006245813798159361,1775502568.1142187
train/approx_kl,215040,0.006308702286332846,1775502576.4785748
train/approx_kl,221184,0.005897242575883865,1775502584.8319972
train/approx_kl,227328,0.00498527055606246,1775502593.4532526
train/approx_kl,233472,0.006005427334457636,1775502601.9713833
train/approx_kl,239616,0.005946464370936155,1775502610.4941943
train/approx_kl,245760,0.006897606421262026,1775502619.0443156
train/approx_kl,249990,0.006443073507398367,1775502649.026272
train/approx_kl,258048,0.0072122192941606045,1775502659.5035305
train/approx_kl,264192,0.0057562850415706635,1775502667.9563274
train/approx_kl,270336,0.006571935024112463,1775502676.4849937
train/approx_kl,276480,0.005841345991939306,1775502684.8350368
train/approx_kl,282624,0.0069870599545538425,1775502693.287473
train/approx_kl,288768,0.006696834694594145,1775502701.8931348
train/approx_kl,294912,0.0060579609125852585,1775502710.3651612
train/approx_kl,299988,0.005610461812466383,1775502742.6081765
train/approx_kl,307200,0.006479987408965826,1775502752.1520364
train/approx_kl,313344,0.006039988249540329,1775502760.676622
train/approx_kl,319488,0.005457235500216484,1775502769.1823761
train/approx_kl,325632,0.006225625518709421,1775502777.5458295
train/approx_kl,331776,0.006987279746681452,1775502785.9941404
train/approx_kl,337920,0.006221340503543615,1775502794.3329794
train/approx_kl,344064,0.005491599440574646,1775502802.7421598
train/approx_kl,349986,0.00461511081084609,1775502833.0101507
train/approx_kl,356352,0.006285356357693672,1775502841.652276
train/approx_kl,362496,0.005237257573753595,1775502850.143093
train/approx_kl,368640,0.0051905312575399876,1775502858.5202327
train/approx_kl,374784,0.005626339931041002,1775502866.8922677
train/approx_kl,380928,0.005878177937120199,1775502875.3355756
train/approx_kl,387072,0.005972546990960836,1775502883.6756258
train/approx_kl,393216,0.00563344219699502,1775502892.112155
train/approx_kl,399360,0.005475491285324097,1775502900.481147
train/approx_kl,399984,0.005013707559555769,1775502929.9541168
train/approx_kl,411648,0.005032882560044527,1775502945.0260718
train/approx_kl,417792,0.005610791500657797,1775502954.4503257
train/approx_kl,423936,0.004695590119808912,1775502963.6385608
train/approx_kl,430080,0.005319091025739908,1775502973.1078598
train/approx_kl,436224,0.006211149040609598,1775502982.8138843
train/approx_kl,442368,0.004674998577684164,1775502992.6159117
train/approx_kl,448512,0.005220955703407526,1775503002.146756
train/approx_kl,449982,0.0052689253352582455,1775503027.5967216
train/approx_kl,460800,0.0056700375862419605,1775503042.4914672
train/approx_kl,466944,0.0038081088569015265,1775503052.2441545
train/approx_kl,473088,0.004764952231198549,1775503061.7984784
train/approx_kl,479232,0.005360438022762537,1775503071.303512
train/approx_kl,485376,0.005494395736604929,1775503080.7338917
train/approx_kl,491520,0.005706357304006815,1775503090.1551313
train/approx_kl,497664,0.004395680967718363,1775503099.8563383
train/approx_kl,499980,0.004351626615971327,1775503129.0892973
train/approx_kl,509952,0.005289582069963217,1775503142.9184494
train/approx_kl,516096,0.005065690726041794,1775503152.2949004
train/approx_kl,522240,0.005352173000574112,1775503161.7880247
train/approx_kl,528384,0.004195650573819876,1775503171.2778509
train/approx_kl,534528,0.004870746284723282,1775503180.678965
train/approx_kl,540672,0.004721475765109062,1775503190.0924273
train/approx_kl,546816,0.00453971466049552,1775503199.533098
train/approx_kl,549978,0.004282759968191385,1775503231.634483
train/approx_kl,559104,0.00452208099886775,1775503244.4992764
train/approx_kl,565248,0.0043511404655873775,1775503253.9823296
train/approx_kl,571392,0.005155786406248808,1775503263.3976963
train/approx_kl,577536,0.0040577067993581295,1775503272.8860781
train/approx_kl,583680,0.004095163661986589,1775503281.7704785
train/approx_kl,589824,0.00610756129026413,1775503290.342567
train/approx_kl,595968,0.003578338073566556,1775503298.846966
train/approx_kl,599976,0.005090413615107536,1775503328.8678792
train/approx_kl,608256,0.004215220920741558,1775503339.516995
train/approx_kl,614400,0.003906920552253723,1775503348.1137052
train/approx_kl,620544,0.004644452128559351,1775503356.7146807
train/approx_kl,626688,0.0034174490720033646,1775503365.3100526
train/approx_kl,632832,0.003919779323041439,1775503373.8368804
train/approx_kl,638976,0.0044397315941751,1775503382.385105
train/approx_kl,645120,0.0041504292748868465,1775503391.2692559
train/approx_kl,649974,0.003890922525897622,1775503423.4819095
train/approx_kl,657408,0.004801268223673105,1775503433.6255865
train/approx_kl,663552,0.0036038653925061226,1775503442.6121733
train/approx_kl,669696,0.0035059971269220114,1775503451.8257916
train/approx_kl,675840,0.0022174951154738665,1775503460.8064654
train/approx_kl,681984,0.003975326661020517,1775503469.5539474
train/approx_kl,688128,0.003937285393476486,1775503477.8232055
train/approx_kl,694272,0.0034264884889125824,1775503486.5348322
train/approx_kl,699972,0.0047147623263299465,1775503519.9490125
train/approx_kl,706560,0.004263447131961584,1775503528.9947002
train/approx_kl,712704,0.0038083677645772696,1775503537.7928336
train/approx_kl,718848,0.0041269902139902115,1775503546.085997
train/approx_kl,724992,0.003999907989054918,1775503554.6995933
train/approx_kl,731136,0.003806051565334201,1775503563.0213013
train/approx_kl,737280,0.0031784940510988235,1775503571.2977123
train/approx_kl,743424,0.004014222417026758,1775503580.2108426
train/approx_kl,749568,0.0031874284613877535,1775503588.20334
train/approx_kl,749970,0.003463301109150052,1775503611.6466506
train/approx_kl,761856,0.0035866349935531616,1775503625.3624563
train/approx_kl,768000,0.0042809476144611835,1775503634.1219344
train/approx_kl,774144,0.0037727905437350273,1775503642.0715356
train/approx_kl,780288,0.004257828462868929,1775503650.1083555
train/approx_kl,786432,0.0018467617919668555,1775503658.351903
train/approx_kl,792576,0.0038367563392966986,1775503666.3595002
train/approx_kl,798720,0.003635682165622711,1775503674.4798813
train/approx_kl,799968,0.00393882067874074,1775503703.9415483
train/approx_kl,811008,0.0033203859347850084,1775503717.5011466
train/approx_kl,817152,0.00289449212141335,1775503726.9478931
train/approx_kl,823296,0.002934863092377782,1775503736.8496056
train/approx_kl,829440,0.003074448788538575,1775503746.2839296
train/approx_kl,835584,0.0032455797772854567,1775503754.9623656
train/approx_kl,841728,0.002616196172311902,1775503763.489013
train/approx_kl,847872,0.003706275252625346,1775503772.2514925
train/approx_kl,849966,0.0034196919295936823,1775503803.1548905
train/approx_kl,860160,0.0022405649069696665,1775503815.9533932
train/approx_kl,866304,0.0034762751311063766,1775503824.613441
train/approx_kl,872448,0.005026423837989569,1775503833.1381438
train/approx_kl,878592,0.0029334165155887604,1775503841.618431
train/approx_kl,884736,0.003611890831962228,1775503850.458955
train/approx_kl,890880,0.003927251789718866,1775503859.8262854
train/approx_kl,897024,0.003962989430874586,1775503868.3699028
train/approx_kl,899964,0.0036873917561024427,1775503899.0963967
train/approx_kl,909312,0.0028579377103596926,1775503912.7443786
train/approx_kl,915456,0.0030949432402849197,1775503922.6677032
train/approx_kl,921600,0.0022966123651713133,1775503931.4447198
train/approx_kl,927744,0.002394706243649125,1775503941.0184674
train/approx_kl,933888,0.003586709499359131,1775503950.567924
train/approx_kl,940032,0.0024434353690594435,1775503960.182179
train/approx_kl,946176,0.0011914033675566316,1775503969.7950068
train/approx_kl,949962,0.00292358105070889,1775504002.3349104
train/approx_kl,958464,0.0022104952950030565,1775504014.6580482
train/approx_kl,964608,0.0027334566693753004,1775504024.084202
train/approx_kl,970752,0.0010939940111711621,1775504033.5528202
train/approx_kl,976896,0.0008092310163192451,1775504042.9972725
train/approx_kl,983040,0.00039109980571083724,1775504052.5572507
train/approx_kl,989184,0.00035310929524712265,1775504062.0738444
train/approx_kl,995328,8.40198845253326e-05,1775504071.4734101
train/approx_kl,999960,8.209266525227576e-06,1775504103.3268735
train/clip_fraction,12288,0.13518880307674408,1775502179.8579893
train/clip_fraction,18432,0.10491536557674408,1775502189.0547953
train/clip_fraction,24576,0.07369791716337204,1775502197.814963
train/clip_fraction,30720,0.06907551735639572,1775502206.520954
train/clip_fraction,36864,0.06324870139360428,1775502214.7318828
train/clip_fraction,43008,0.06875000149011612,1775502223.4824855
train/clip_fraction,49152,0.03899739682674408,1775502232.3451777
train/clip_fraction,49998,0.0631510391831398,1775502268.0529823
train/clip_fraction,61440,0.0511067695915699,1775502282.6644008
train/clip_fraction,67584,0.05042317882180214,1775502291.2649906
train/clip_fraction,73728,0.06240234524011612,1775502302.2053862
train/clip_fraction,79872,0.07174479216337204,1775502312.4203312
train/clip_fraction,86016,0.06936848908662796,1775502321.4720402
train/clip_fraction,92160,0.07089843600988388,1775502330.3618507
train/clip_fraction,98304,0.06907551735639572,1775502339.2817283
train/clip_fraction,99996,0.04951171949505806,1775502368.4262905
train/clip_fraction,110592,0.07467447966337204,1775502382.4377606
train/clip_fraction,116736,0.06529948115348816,1775502391.5608299
train/clip_fraction,122880,0.08043619990348816,1775502400.2950168
train/clip_fraction,129024,0.05214843899011612,1775502408.9349003
train/clip_fraction,135168,0.07252604514360428,1775502418.6712728
train/clip_fraction,141312,0.06536458432674408,1775502428.7683911
train/clip_fraction,147456,0.0704752579331398,1775502437.5176399
train/clip_fraction,149994,0.06780599057674408,1775502463.8786159
train/clip_fraction,159744,0.07565104216337204,1775502476.5267196
train/clip_fraction,165888,0.0693359375,1775502485.084993
train/clip_fraction,172032,0.05644531175494194,1775502493.5284336
train/clip_fraction,178176,0.04820963367819786,1775502501.9491858
train/clip_fraction,184320,0.05748697742819786,1775502510.3444517
train/clip_fraction,190464,0.0763346329331398,1775502518.737677
train/clip_fraction,196608,0.05465494841337204,1775502527.115679
train/clip_fraction,199992,0.0729166641831398,1775502556.7522752
train/clip_fraction,208896,0.0738932266831398,1775502568.1142426
train/clip_fraction,215040,0.06695963442325592,1775502576.478592
train/clip_fraction,221184,0.06214192882180214,1775502584.8320153
train/clip_fraction,227328,0.05498046800494194,1775502593.4532688
train/clip_fraction,233472,0.05872396007180214,1775502601.9714003
train/clip_fraction,239616,0.05791015550494194,1775502610.4942107
train/clip_fraction,245760,0.07695312798023224,1775502619.044332
train/clip_fraction,249990,0.07229817658662796,1775502649.0265195
train/clip_fraction,258048,0.07639973610639572,1775502659.5035474
train/clip_fraction,264192,0.06207682192325592,1775502667.956344
train/clip_fraction,270336,0.07148437201976776,1775502676.4850101
train/clip_fraction,276480,0.06367187201976776,1775502684.835053
train/clip_fraction,282624,0.07532551884651184,1775502693.2874901
train/clip_fraction,288768,0.06295572966337204,1775502701.8931556
train/clip_fraction,294912,0.06321614235639572,1775502710.365178
train/clip_fraction,299988,0.06083984300494194,1775502742.608462
train/clip_fraction,307200,0.07265625149011612,1775502752.1520536
train/clip_fraction,313344,0.05615234375,1775502760.6766381
train/clip_fraction,319488,0.04912109300494194,1775502769.182393
train/clip_fraction,325632,0.05856119841337204,1775502777.5458467
train/clip_fraction,331776,0.06946614384651184,1775502785.994157
train/clip_fraction,337920,0.06487630307674408,1775502794.3329957
train/clip_fraction,344064,0.0582682304084301,1775502802.742176
train/clip_fraction,349986,0.04843749850988388,1775502833.0105467
train/clip_fraction,356352,0.06666667014360428,1775502841.652293
train/clip_fraction,362496,0.05055338516831398,1775502850.1431093
train/clip_fraction,368640,0.0592447929084301,1775502858.5202537
train/clip_fraction,374784,0.04918619617819786,1775502866.8922834
train/clip_fraction,380928,0.05380859225988388,1775502875.3355918
train/clip_fraction,387072,0.05621744692325592,1775502883.6756423
train/clip_fraction,393216,0.06682942807674408,1775502892.1121721
train/clip_fraction,399360,0.0584309883415699,1775502900.481164
train/clip_fraction,399984,0.05006510391831398,1775502929.954481
train/clip_fraction,411648,0.04674478992819786,1775502945.0260882
train/clip_fraction,417792,0.0577799491584301,1775502954.450344
train/clip_fraction,423936,0.04925130307674408,1775502963.6385787
train/clip_fraction,430080,0.05201822891831398,1775502973.1078768
train/clip_fraction,436224,0.0540364570915699,1775502982.8139145
train/clip_fraction,442368,0.0472005195915699,1775502992.6159291
train/clip_fraction,448512,0.05087890475988388,1775503002.1467724
train/clip_fraction,449982,0.05205078050494194,1775503027.5969512
train/clip_fraction,460800,0.05286458507180214,1775503042.4914846
train/clip_fraction,466944,0.04049479216337204,1775503052.2441716
train/clip_fraction,473088,0.04707031324505806,1775503061.7984953
train/clip_fraction,479232,0.05322265625,1775503071.3035283
train/clip_fraction,485376,0.04531250149011612,1775503080.733908
train/clip_fraction,491520,0.05123697966337204,1775503090.1551476
train/clip_fraction,497664,0.04905598983168602,1775503099.8563542
train/clip_fraction,499980,0.0428059883415699,1775503129.0895894
train/clip_fraction,509952,0.05211588367819786,1775503142.9184656
train/clip_fraction,516096,0.04440104216337204,1775503152.2949178
train/clip_fraction,522240,0.0548502616584301,1775503161.7880418
train/clip_fraction,528384,0.03590494766831398,1775503171.2778678
train/clip_fraction,534528,0.04052734375,1775503180.6789813
train/clip_fraction,540672,0.04029947891831398,1775503190.092444
train/clip_fraction,546816,0.044921875,1775503199.5331147
train/clip_fraction,549978,0.03330077975988388,1775503231.634756
train/clip_fraction,559104,0.04108072817325592,1775503244.499293
train/clip_fraction,565248,0.02864583395421505,1775503253.9823465
train/clip_fraction,571392,0.05426432192325592,1775503263.3977132
train/clip_fraction,577536,0.02714843675494194,1775503272.8860943
train/clip_fraction,583680,0.03574218600988388,1775503281.7704945
train/clip_fraction,589824,0.05270182341337204,1775503290.3425841
train/clip_fraction,595968,0.03050130233168602,1775503298.8469827
train/clip_fraction,599976,0.05624999850988388,1775503328.8681548
train/clip_fraction,608256,0.04192708432674408,1775503339.517012
train/clip_fraction,614400,0.03131510317325592,1775503348.1137223
train/clip_fraction,620544,0.03300781175494194,1775503356.7146974
train/clip_fraction,626688,0.02854817733168602,1775503365.310069
train/clip_fraction,632832,0.03440755233168602,1775503373.8368976
train/clip_fraction,638976,0.03411458432674408,1775503382.3851209
train/clip_fraction,645120,0.03544921800494194,1775503391.2692728
train/clip_fraction,649974,0.02766927145421505,1775503423.4823194
train/clip_fraction,657408,0.03821614757180214,1775503433.6256037
train/clip_fraction,663552,0.02526041679084301,1775503442.6121898
train/clip_fraction,669696,0.03102213516831398,1775503451.8258083
train/clip_fraction,675840,0.01842447929084301,1775503460.806482
train/clip_fraction,681984,0.02656250074505806,1775503469.5539634
train/clip_fraction,688128,0.02294921875,1775503477.8232229
train/clip_fraction,694272,0.01712239533662796,1775503486.534849
train/clip_fraction,699972,0.03880208358168602,1775503519.9492927
train/clip_fraction,706560,0.03880208358168602,1775503528.9947164
train/clip_fraction,712704,0.02978515625,1775503537.7928505
train/clip_fraction,718848,0.02916666679084301,1775503546.086013
train/clip_fraction,724992,0.02695312537252903,1775503554.69961
train/clip_fraction,731136,0.02223307266831398,1775503563.021318
train/clip_fraction,737280,0.0263671875,1775503571.2977293
train/clip_fraction,743424,0.02034505270421505,1775503580.210859
train/clip_fraction,749568,0.01829427108168602,1775503588.2033567
train/clip_fraction,749970,0.02607421949505806,1775503611.6469057
train/clip_fraction,761856,0.02587890625,1775503625.3624725
train/clip_fraction,768000,0.04137369617819786,1775503634.1219509
train/clip_fraction,774144,0.02194010466337204,1775503642.071555
train/clip_fraction,780288,0.03753255307674408,1775503650.1083732
train/clip_fraction,786432,0.0068033854477107525,1775503658.3519213
train/clip_fraction,792576,0.02207031287252903,1775503666.359517
train/clip_fraction,798720,0.01910807378590107,1775503674.4798975
train/clip_fraction,799968,0.02203776128590107,1775503703.9418273
train/clip_fraction,811008,0.01819661445915699,1775503717.5011632
train/clip_fraction,817152,0.02438151091337204,1775503726.9479103
train/clip_fraction,823296,0.014680990017950535,1775503736.8496222
train/clip_fraction,829440,0.012988281436264515,1775503746.2839563
train/clip_fraction,835584,0.01256510429084301,1775503754.9623826
train/clip_fraction,841728,0.014811198227107525,1775503763.48903
train/clip_fraction,847872,0.01933593675494194,1775503772.2515202
train/clip_fraction,849966,0.01647135429084301,1775503803.1551423
train/clip_fraction,860160,0.006608073133975267,1775503815.953412
train/clip_fraction,866304,0.01474609412252903,1775503824.613457
train/clip_fraction,872448,0.02666015550494194,1775503833.1381721
train/clip_fraction,878592,0.011197916232049465,1775503841.6184475
train/clip_fraction,884736,0.01526692695915699,1775503850.458972
train/clip_fraction,890880,0.01930338516831398,1775503859.8263035
train/clip_fraction,897024,0.02412109449505806,1775503868.36992
train/clip_fraction,899964,0.015592447482049465,1775503899.0967562
train/clip_fraction,909312,0.002994791604578495,1775503912.744395
train/clip_fraction,915456,0.012402343563735485,1775503922.6677186
train/clip_fraction,921600,0.0025716146919876337,1775503931.4447362
train/clip_fraction,927744,0.0054687499068677425,1775503941.0184839
train/clip_fraction,933888,0.01565755158662796,1775503950.5679412
train/clip_fraction,940032,0.0049804686568677425,1775503960.1821954
train/clip_fraction,946176,0.0003580729244276881,1775503969.7950237
train/clip_fraction,949962,0.01487630233168602,1775504002.3352454
train/clip_fraction,958464,0.0007812500116415322,1775504014.6580646
train/clip_fraction,964608,0.0021809895988553762,1775504024.084219
train/clip_fraction,970752,0.0,1775504033.5528374
train/clip_fraction,976896,0.0003906250058207661,1775504042.9972887
train/clip_fraction,983040,0.0,1775504052.557268
train/clip_fraction,989184,0.0,1775504062.073861
train/clip_fraction,995328,0.0,1775504071.4734266
train/clip_fraction,999960,0.0,1775504103.327153
train/clip_range,12288,0.20000000298023224,1775502179.8580065
train/clip_range,18432,0.20000000298023224,1775502189.054809
train/clip_range,24576,0.20000000298023224,1775502197.814977
train/clip_range,30720,0.20000000298023224,1775502206.5209682
train/clip_range,36864,0.20000000298023224,1775502214.731898
train/clip_range,43008,0.20000000298023224,1775502223.4824996
train/clip_range,49152,0.20000000298023224,1775502232.345193
train/clip_range,49998,0.20000000298023224,1775502268.0532968
train/clip_range,61440,0.20000000298023224,1775502282.6644228
train/clip_range,67584,0.20000000298023224,1775502291.2650137
train/clip_range,73728,0.20000000298023224,1775502302.2054012
train/clip_range,79872,0.20000000298023224,1775502312.4203453
train/clip_range,86016,0.20000000298023224,1775502321.4720545
train/clip_range,92160,0.20000000298023224,1775502330.3618639
train/clip_range,98304,0.20000000298023224,1775502339.2817428
train/clip_range,99996,0.20000000298023224,1775502368.426545
train/clip_range,110592,0.20000000298023224,1775502382.4377747
train/clip_range,116736,0.20000000298023224,1775502391.560844
train/clip_range,122880,0.20000000298023224,1775502400.2950308
train/clip_range,129024,0.20000000298023224,1775502408.9349139
train/clip_range,135168,0.20000000298023224,1775502418.6712873
train/clip_range,141312,0.20000000298023224,1775502428.768416
train/clip_range,147456,0.20000000298023224,1775502437.5176542
train/clip_range,149994,0.20000000298023224,1775502463.8788795
train/clip_range,159744,0.20000000298023224,1775502476.5267339
train/clip_range,165888,0.20000000298023224,1775502485.0850065
train/clip_range,172032,0.20000000298023224,1775502493.5284474
train/clip_range,178176,0.20000000298023224,1775502501.9491997
train/clip_range,184320,0.20000000298023224,1775502510.3444653
train/clip_range,190464,0.20000000298023224,1775502518.7376914
train/clip_range,196608,0.20000000298023224,1775502527.1156993
train/clip_range,199992,0.20000000298023224,1775502556.7525573
train/clip_range,208896,0.20000000298023224,1775502568.1142595
train/clip_range,215040,0.20000000298023224,1775502576.478606
train/clip_range,221184,0.20000000298023224,1775502584.8320303
train/clip_range,227328,0.20000000298023224,1775502593.4532824
train/clip_range,233472,0.20000000298023224,1775502601.9714146
train/clip_range,239616,0.20000000298023224,1775502610.4942253
train/clip_range,245760,0.20000000298023224,1775502619.044346
train/clip_range,249990,0.20000000298023224,1775502649.0267785
train/clip_range,258048,0.20000000298023224,1775502659.5035615
train/clip_range,264192,0.20000000298023224,1775502667.956358
train/clip_range,270336,0.20000000298023224,1775502676.4850237
train/clip_range,276480,0.20000000298023224,1775502684.835067
train/clip_range,282624,0.20000000298023224,1775502693.2875037
train/clip_range,288768,0.20000000298023224,1775502701.8931699
train/clip_range,294912,0.20000000298023224,1775502710.365192
train/clip_range,299988,0.20000000298023224,1775502742.6086936
train/clip_range,307200,0.20000000298023224,1775502752.1520677
train/clip_range,313344,0.20000000298023224,1775502760.6766517
train/clip_range,319488,0.20000000298023224,1775502769.1824071
train/clip_range,325632,0.20000000298023224,1775502777.5458615
train/clip_range,331776,0.20000000298023224,1775502785.994177
train/clip_range,337920,0.20000000298023224,1775502794.33301
train/clip_range,344064,0.20000000298023224,1775502802.7421894
train/clip_range,349986,0.20000000298023224,1775502833.0108116
train/clip_range,356352,0.20000000298023224,1775502841.6523068
train/clip_range,362496,0.20000000298023224,1775502850.1431234
train/clip_range,368640,0.20000000298023224,1775502858.5202804
train/clip_range,374784,0.20000000298023224,1775502866.8922973
train/clip_range,380928,0.20000000298023224,1775502875.3356051
train/clip_range,387072,0.20000000298023224,1775502883.6756568
train/clip_range,393216,0.20000000298023224,1775502892.1121862
train/clip_range,399360,0.20000000298023224,1775502900.4811783
train/clip_range,399984,0.20000000298023224,1775502929.9548137
train/clip_range,411648,0.20000000298023224,1775502945.0261028
train/clip_range,417792,0.20000000298023224,1775502954.4503584
train/clip_range,423936,0.20000000298023224,1775502963.6385925
train/clip_range,430080,0.20000000298023224,1775502973.1078906
train/clip_range,436224,0.20000000298023224,1775502982.8139374
train/clip_range,442368,0.20000000298023224,1775502992.6159434
train/clip_range,448512,0.20000000298023224,1775503002.146787
train/clip_range,449982,0.20000000298023224,1775503027.5971863
train/clip_range,460800,0.20000000298023224,1775503042.491499
train/clip_range,466944,0.20000000298023224,1775503052.2441854
train/clip_range,473088,0.20000000298023224,1775503061.7985094
train/clip_range,479232,0.20000000298023224,1775503071.3035426
train/clip_range,485376,0.20000000298023224,1775503080.7339213
train/clip_range,491520,0.20000000298023224,1775503090.1551616
train/clip_range,497664,0.20000000298023224,1775503099.856368
train/clip_range,499980,0.20000000298023224,1775503129.089816
train/clip_range,509952,0.20000000298023224,1775503142.9184792
train/clip_range,516096,0.20000000298023224,1775503152.2949328
train/clip_range,522240,0.20000000298023224,1775503161.788056
train/clip_range,528384,0.20000000298023224,1775503171.2778823
train/clip_range,534528,0.20000000298023224,1775503180.678996
train/clip_range,540672,0.20000000298023224,1775503190.0924575
train/clip_range,546816,0.20000000298023224,1775503199.5331287
train/clip_range,549978,0.20000000298023224,1775503231.6349576
train/clip_range,559104,0.20000000298023224,1775503244.4993079
train/clip_range,565248,0.20000000298023224,1775503253.9823613
train/clip_range,571392,0.20000000298023224,1775503263.3977275
train/clip_range,577536,0.20000000298023224,1775503272.8861084
train/clip_range,583680,0.20000000298023224,1775503281.7705088
train/clip_range,589824,0.20000000298023224,1775503290.3425987
train/clip_range,595968,0.20000000298023224,1775503298.8469968
train/clip_range,599976,0.20000000298023224,1775503328.8684783
train/clip_range,608256,0.20000000298023224,1775503339.5170398
train/clip_range,614400,0.20000000298023224,1775503348.1137366
train/clip_range,620544,0.20000000298023224,1775503356.7147121
train/clip_range,626688,0.20000000298023224,1775503365.3100832
train/clip_range,632832,0.20000000298023224,1775503373.8369117
train/clip_range,638976,0.20000000298023224,1775503382.3851352
train/clip_range,645120,0.20000000298023224,1775503391.2692866
train/clip_range,649974,0.20000000298023224,1775503423.4826589
train/clip_range,657408,0.20000000298023224,1775503433.6256182
train/clip_range,663552,0.20000000298023224,1775503442.6122043
train/clip_range,669696,0.20000000298023224,1775503451.8258228
train/clip_range,675840,0.20000000298023224,1775503460.8064961
train/clip_range,681984,0.20000000298023224,1775503469.5539775
train/clip_range,688128,0.20000000298023224,1775503477.823237
train/clip_range,694272,0.20000000298023224,1775503486.5348635
train/clip_range,699972,0.20000000298023224,1775503519.9496279
train/clip_range,706560,0.20000000298023224,1775503528.9947302
train/clip_range,712704,0.20000000298023224,1775503537.792865
train/clip_range,718848,0.20000000298023224,1775503546.086027
train/clip_range,724992,0.20000000298023224,1775503554.6996243
train/clip_range,731136,0.20000000298023224,1775503563.021332
train/clip_range,737280,0.20000000298023224,1775503571.2977433
train/clip_range,743424,0.20000000298023224,1775503580.2108736
train/clip_range,749568,0.20000000298023224,1775503588.2033708
train/clip_range,749970,0.20000000298023224,1775503611.647122
train/clip_range,761856,0.20000000298023224,1775503625.3624868
train/clip_range,768000,0.20000000298023224,1775503634.1219647
train/clip_range,774144,0.20000000298023224,1775503642.0715694
train/clip_range,780288,0.20000000298023224,1775503650.1084127
train/clip_range,786432,0.20000000298023224,1775503658.3519363
train/clip_range,792576,0.20000000298023224,1775503666.3595312
train/clip_range,798720,0.20000000298023224,1775503674.4799113
train/clip_range,799968,0.20000000298023224,1775503703.9421175
train/clip_range,811008,0.20000000298023224,1775503717.5011773
train/clip_range,817152,0.20000000298023224,1775503726.9479241
train/clip_range,823296,0.20000000298023224,1775503736.8496368
train/clip_range,829440,0.20000000298023224,1775503746.2839785
train/clip_range,835584,0.20000000298023224,1775503754.9623966
train/clip_range,841728,0.20000000298023224,1775503763.4890437
train/clip_range,847872,0.20000000298023224,1775503772.251544
train/clip_range,849966,0.20000000298023224,1775503803.15543
train/clip_range,860160,0.20000000298023224,1775503815.9534276
train/clip_range,866304,0.20000000298023224,1775503824.613471
train/clip_range,872448,0.20000000298023224,1775503833.138188
train/clip_range,878592,0.20000000298023224,1775503841.6184614
train/clip_range,884736,0.20000000298023224,1775503850.4589858
train/clip_range,890880,0.20000000298023224,1775503859.8263187
train/clip_range,897024,0.20000000298023224,1775503868.3699348
train/clip_range,899964,0.20000000298023224,1775503899.0970194
train/clip_range,909312,0.20000000298023224,1775503912.7444096
train/clip_range,915456,0.20000000298023224,1775503922.6677325
train/clip_range,921600,0.20000000298023224,1775503931.4447503
train/clip_range,927744,0.20000000298023224,1775503941.0184984
train/clip_range,933888,0.20000000298023224,1775503950.5679557
train/clip_range,940032,0.20000000298023224,1775503960.1822097
train/clip_range,946176,0.20000000298023224,1775503969.795038
train/clip_range,949962,0.20000000298023224,1775504002.3355484
train/clip_range,958464,0.20000000298023224,1775504014.6580782
train/clip_range,964608,0.20000000298023224,1775504024.084233
train/clip_range,970752,0.20000000298023224,1775504033.552852
train/clip_range,976896,0.20000000298023224,1775504042.9973028
train/clip_range,983040,0.20000000298023224,1775504052.5572822
train/clip_range,989184,0.20000000298023224,1775504062.073875
train/clip_range,995328,0.20000000298023224,1775504071.4734414
train/clip_range,999960,0.20000000298023224,1775504103.3274317
train/entropy_loss,12288,-1.5574133396148682,1775502179.8580208
train/entropy_loss,18432,-1.5295336246490479,1775502189.054821
train/entropy_loss,24576,-1.4737193584442139,1775502197.8149893
train/entropy_loss,30720,-1.452003002166748,1775502206.520981
train/entropy_loss,36864,-1.437491536140442,1775502214.731959
train/entropy_loss,43008,-1.4153690338134766,1775502223.4825125
train/entropy_loss,49152,-1.3580515384674072,1775502232.345206
train/entropy_loss,49998,-1.3591946363449097,1775502268.0536165
train/entropy_loss,61440,-1.3290431499481201,1775502282.6644416
train/entropy_loss,67584,-1.2929638624191284,1775502291.2650342
train/entropy_loss,73728,-1.2883962392807007,1775502302.2054138
train/entropy_loss,79872,-1.2809045314788818,1775502312.4203587
train/entropy_loss,86016,-1.250112771987915,1775502321.472067
train/entropy_loss,92160,-1.2612240314483643,1775502330.361877
train/entropy_loss,98304,-1.2283655405044556,1775502339.281756
train/entropy_loss,99996,-1.210180401802063,1775502368.4267735
train/entropy_loss,110592,-1.210443139076233,1775502382.4377868
train/entropy_loss,116736,-1.19400954246521,1775502391.5608566
train/entropy_loss,122880,-1.1827040910720825,1775502400.2950442
train/entropy_loss,129024,-1.181797981262207,1775502408.9349258
train/entropy_loss,135168,-1.1594363451004028,1775502418.6712997
train/entropy_loss,141312,-1.1515491008758545,1775502428.76844
train/entropy_loss,147456,-1.1569613218307495,1775502437.5176668
train/entropy_loss,149994,-1.1678367853164673,1775502463.8791955
train/entropy_loss,159744,-1.1583216190338135,1775502476.5267465
train/entropy_loss,165888,-1.128403902053833,1775502485.0850194
train/entropy_loss,172032,-1.1194788217544556,1775502493.5284605
train/entropy_loss,178176,-1.1282564401626587,1775502501.949212
train/entropy_loss,184320,-1.0979024171829224,1775502510.3444774
train/entropy_loss,190464,-1.1045881509780884,1775502518.7377036
train/entropy_loss,196608,-1.080267310142517,1775502527.1157134
train/entropy_loss,199992,-1.0595760345458984,1775502556.7528112
train/entropy_loss,208896,-1.0895795822143555,1775502568.1142735
train/entropy_loss,215040,-1.085601806640625,1775502576.4786189
train/entropy_loss,221184,-1.0901131629943848,1775502584.832043
train/entropy_loss,227328,-1.0917739868164062,1775502593.4532943
train/entropy_loss,233472,-1.0863378047943115,1775502601.9714274
train/entropy_loss,239616,-1.0595710277557373,1775502610.494238
train/entropy_loss,245760,-1.049636960029602,1775502619.0443585
train/entropy_loss,249990,-1.051116704940796,1775502649.0270367
train/entropy_loss,258048,-1.0468883514404297,1775502659.5035741
train/entropy_loss,264192,-1.0127145051956177,1775502667.9563708
train/entropy_loss,270336,-0.9994016885757446,1775502676.4850364
train/entropy_loss,276480,-1.006937861442566,1775502684.83508
train/entropy_loss,282624,-0.9881008267402649,1775502693.2875164
train/entropy_loss,288768,-0.9885023832321167,1775502701.8931837
train/entropy_loss,294912,-0.9798635244369507,1775502710.3652043
train/entropy_loss,299988,-0.9769847393035889,1775502742.6089075
train/entropy_loss,307200,-0.9705754518508911,1775502752.1520803
train/entropy_loss,313344,-0.9855841398239136,1775502760.676664
train/entropy_loss,319488,-0.9589731097221375,1775502769.1824193
train/entropy_loss,325632,-0.9631989598274231,1775502777.5458739
train/entropy_loss,331776,-0.9553772807121277,1775502785.9941993
train/entropy_loss,337920,-0.9452542662620544,1775502794.3330224
train/entropy_loss,344064,-0.939132809638977,1775502802.7422018
train/entropy_loss,349986,-0.9270118474960327,1775502833.011073
train/entropy_loss,356352,-0.9242287278175354,1775502841.6523194
train/entropy_loss,362496,-0.9143256545066833,1775502850.143136
train/entropy_loss,368640,-0.9390342235565186,1775502858.520295
train/entropy_loss,374784,-0.9228731393814087,1775502866.8923104
train/entropy_loss,380928,-0.9308263659477234,1775502875.3356175
train/entropy_loss,387072,-0.9336048364639282,1775502883.6756694
train/entropy_loss,393216,-0.9335127472877502,1775502892.112198
train/entropy_loss,399360,-0.9402835369110107,1775502900.4811916
train/entropy_loss,399984,-0.9471425414085388,1775502929.9552076
train/entropy_loss,411648,-0.9293166399002075,1775502945.0261152
train/entropy_loss,417792,-0.9351435899734497,1775502954.450371
train/entropy_loss,423936,-0.9386558532714844,1775502963.638605
train/entropy_loss,430080,-0.9300021529197693,1775502973.1079032
train/entropy_loss,436224,-0.9053601026535034,1775502982.8139563
train/entropy_loss,442368,-0.9070249199867249,1775502992.615956
train/entropy_loss,448512,-0.910115122795105,1775503002.1467996
train/entropy_loss,449982,-0.8845483660697937,1775503027.5974114
train/entropy_loss,460800,-0.8659865260124207,1775503042.4915116
train/entropy_loss,466944,-0.8740825653076172,1775503052.2441978
train/entropy_loss,473088,-0.8901532292366028,1775503061.798522
train/entropy_loss,479232,-0.8702326416969299,1775503071.3035555
train/entropy_loss,485376,-0.8920391798019409,1775503080.7339342
train/entropy_loss,491520,-0.8929580450057983,1775503090.1551743
train/entropy_loss,497664,-0.8734409809112549,1775503099.8563807
train/entropy_loss,499980,-0.8790237307548523,1775503129.0902143
train/entropy_loss,509952,-0.8861066102981567,1775503142.9184916
train/entropy_loss,516096,-0.8885138034820557,1775503152.2949457
train/entropy_loss,522240,-0.880832850933075,1775503161.7880685
train/entropy_loss,528384,-0.8961390256881714,1775503171.277895
train/entropy_loss,534528,-0.8835887312889099,1775503180.6790087
train/entropy_loss,540672,-0.9082527756690979,1775503190.09247
train/entropy_loss,546816,-0.8834220767021179,1775503199.533141
train/entropy_loss,549978,-0.887837290763855,1775503231.6351755
train/entropy_loss,559104,-0.8883223533630371,1775503244.4993205
train/entropy_loss,565248,-0.8879091143608093,1775503253.9823744
train/entropy_loss,571392,-0.8896105289459229,1775503263.3977401
train/entropy_loss,577536,-0.8823646903038025,1775503272.8861213
train/entropy_loss,583680,-0.8797499537467957,1775503281.7705214
train/entropy_loss,589824,-0.902126669883728,1775503290.3426123
train/entropy_loss,595968,-0.8746922612190247,1775503298.8470092
train/entropy_loss,599976,-0.8727328777313232,1775503328.868777
train/entropy_loss,608256,-0.8742504715919495,1775503339.5170524
train/entropy_loss,614400,-0.8666099905967712,1775503348.1137493
train/entropy_loss,620544,-0.8740497827529907,1775503356.7147245
train/entropy_loss,626688,-0.87982577085495,1775503365.3100958
train/entropy_loss,632832,-0.8785679936408997,1775503373.8369238
train/entropy_loss,638976,-0.8784921765327454,1775503382.3851473
train/entropy_loss,645120,-0.8699166178703308,1775503391.2692993
train/entropy_loss,649974,-0.8650913834571838,1775503423.4830322
train/entropy_loss,657408,-0.8640233874320984,1775503433.6256306
train/entropy_loss,663552,-0.8737150430679321,1775503442.612217
train/entropy_loss,669696,-0.857994556427002,1775503451.8258352
train/entropy_loss,675840,-0.8535526990890503,1775503460.8065088
train/entropy_loss,681984,-0.8683868050575256,1775503469.5539904
train/entropy_loss,688128,-0.8691944479942322,1775503477.8232493
train/entropy_loss,694272,-0.8699384331703186,1775503486.5348759
train/entropy_loss,699972,-0.8667652606964111,1775503519.949887
train/entropy_loss,706560,-0.8618475198745728,1775503528.9947422
train/entropy_loss,712704,-0.8679770231246948,1775503537.7928777
train/entropy_loss,718848,-0.8799848556518555,1775503546.0860398
train/entropy_loss,724992,-0.8744528293609619,1775503554.6996365
train/entropy_loss,731136,-0.8527306318283081,1775503563.0213444
train/entropy_loss,737280,-0.8761332035064697,1775503571.2977557
train/entropy_loss,743424,-0.8856765627861023,1775503580.2108862
train/entropy_loss,749568,-0.8801489472389221,1775503588.203383
train/entropy_loss,749970,-0.869541585445404,1775503611.6473782
train/entropy_loss,761856,-0.8532926440238953,1775503625.3624995
train/entropy_loss,768000,-0.8659488558769226,1775503634.121977
train/entropy_loss,774144,-0.8658593893051147,1775503642.0715818
train/entropy_loss,780288,-0.8706057667732239,1775503650.1084437
train/entropy_loss,786432,-0.8664879202842712,1775503658.3519492
train/entropy_loss,792576,-0.8708178997039795,1775503666.3595438
train/entropy_loss,798720,-0.8709216713905334,1775503674.479924
train/entropy_loss,799968,-0.8755585551261902,1775503703.9423616
train/entropy_loss,811008,-0.8739041090011597,1775503717.5011904
train/entropy_loss,817152,-0.8711104393005371,1775503726.947936
train/entropy_loss,823296,-0.8800705671310425,1775503736.8496494
train/entropy_loss,829440,-0.8745462894439697,1775503746.2839985
train/entropy_loss,835584,-0.8915814161300659,1775503754.962409
train/entropy_loss,841728,-0.8966437578201294,1775503763.489056
train/entropy_loss,847872,-0.891613245010376,1775503772.2515695
train/entropy_loss,849966,-0.896651029586792,1775503803.1557486
train/entropy_loss,860160,-0.8967941403388977,1775503815.9534404
train/entropy_loss,866304,-0.8994360566139221,1775503824.6134837
train/entropy_loss,872448,-0.8933002352714539,1775503833.1382008
train/entropy_loss,878592,-0.8852781057357788,1775503841.6184745
train/entropy_loss,884736,-0.8907010555267334,1775503850.4589982
train/entropy_loss,890880,-0.8888305425643921,1775503859.8263319
train/entropy_loss,897024,-0.8926733136177063,1775503868.3699474
train/entropy_loss,899964,-0.8976806998252869,1775503899.0973108
train/entropy_loss,909312,-0.8895204663276672,1775503912.7444222
train/entropy_loss,915456,-0.8942488431930542,1775503922.6677449
train/entropy_loss,921600,-0.8947728276252747,1775503931.444763
train/entropy_loss,927744,-0.8913260698318481,1775503941.0185108
train/entropy_loss,933888,-0.8951447606086731,1775503950.5679686
train/entropy_loss,940032,-0.9061371684074402,1775503960.1822226
train/entropy_loss,946176,-0.8944950103759766,1775503969.7950504
train/entropy_loss,949962,-0.8734673857688904,1775504002.3358846
train/entropy_loss,958464,-0.8806414008140564,1775504014.6580915
train/entropy_loss,964608,-0.8892124891281128,1775504024.0842466
train/entropy_loss,970752,-0.8849634528160095,1775504033.5528646
train/entropy_loss,976896,-0.8864153623580933,1775504042.9973156
train/entropy_loss,983040,-0.902008593082428,1775504052.5572956
train/entropy_loss,989184,-0.9005309343338013,1775504062.0738876
train/entropy_loss,995328,-0.895961344242096,1775504071.4734538
train/entropy_loss,999960,-0.8961727619171143,1775504103.327667
train/explained_variance,12288,-0.03729581832885742,1775502179.8580337
train/explained_variance,18432,0.6058397889137268,1775502189.0548332
train/explained_variance,24576,0.7447856664657593,1775502197.8150034
train/explained_variance,30720,0.7560200691223145,1775502206.5209937
train/explained_variance,36864,0.7863634824752808,1775502214.7319744
train/explained_variance,43008,0.80523282289505,1775502223.4825246
train/explained_variance,49152,0.8390882015228271,1775502232.3452184
train/explained_variance,49998,0.8485296964645386,1775502268.0538998
train/explained_variance,61440,0.8725351095199585,1775502282.6644623
train/explained_variance,67584,0.8916801810264587,1775502291.2650545
train/explained_variance,73728,0.8994086384773254,1775502302.2054265
train/explained_variance,79872,0.9168417453765869,1775502312.4203713
train/explained_variance,86016,0.9178880453109741,1775502321.4720793
train/explained_variance,92160,0.9261072278022766,1775502330.3618891
train/explained_variance,98304,0.9262689352035522,1775502339.281768
train/explained_variance,99996,0.930428147315979,1775502368.4270103
train/explained_variance,110592,0.9284685254096985,1775502382.4377995
train/explained_variance,116736,0.9315587878227234,1775502391.560869
train/explained_variance,122880,0.9250277876853943,1775502400.2950563
train/explained_variance,129024,0.9246253371238708,1775502408.9349377
train/explained_variance,135168,0.9306351542472839,1775502418.6713119
train/explained_variance,141312,0.9281103610992432,1775502428.7684612
train/explained_variance,147456,0.9321428537368774,1775502437.5176785
train/explained_variance,149994,0.9303128719329834,1775502463.8794165
train/explained_variance,159744,0.9318556785583496,1775502476.5267591
train/explained_variance,165888,0.9270912408828735,1775502485.0850315
train/explained_variance,172032,0.9219993352890015,1775502493.528473
train/explained_variance,178176,0.9252964854240417,1775502501.9492242
train/explained_variance,184320,0.9270274043083191,1775502510.344489
train/explained_variance,190464,0.9251211285591125,1775502518.737716
train/explained_variance,196608,0.9270483255386353,1775502527.115726
train/explained_variance,199992,0.9286178350448608,1775502556.753134
train/explained_variance,208896,0.9270931482315063,1775502568.114287
train/explained_variance,215040,0.9237885475158691,1775502576.478631
train/explained_variance,221184,0.920184850692749,1775502584.8320558
train/explained_variance,227328,0.9237312078475952,1775502593.4533064
train/explained_variance,233472,0.9250866174697876,1775502601.9714391
train/explained_variance,239616,0.924802303314209,1775502610.4942503
train/explained_variance,245760,0.9274767637252808,1775502619.0443704
train/explained_variance,249990,0.9301541447639465,1775502649.0272465
train/explained_variance,258048,0.9269225597381592,1775502659.5035865
train/explained_variance,264192,0.9195776581764221,1775502667.9563832
train/explained_variance,270336,0.9203028678894043,1775502676.4850485
train/explained_variance,276480,0.9272172451019287,1775502684.8350925
train/explained_variance,282624,0.9249086380004883,1775502693.2875288
train/explained_variance,288768,0.9256716966629028,1775502701.8931966
train/explained_variance,294912,0.9257811903953552,1775502710.365216
train/explained_variance,299988,0.9251308441162109,1775502742.6091492
train/explained_variance,307200,0.921845555305481,1775502752.1520927
train/explained_variance,313344,0.9264394640922546,1775502760.676676
train/explained_variance,319488,0.9236211776733398,1775502769.1824315
train/explained_variance,325632,0.9259006381034851,1775502777.5458863
train/explained_variance,331776,0.9256995916366577,1775502785.9942207
train/explained_variance,337920,0.9250794649124146,1775502794.3330345
train/explained_variance,344064,0.9321900010108948,1775502802.7422142
train/explained_variance,349986,0.9242578744888306,1775502833.0113654
train/explained_variance,356352,0.9274323582649231,1775502841.6523323
train/explained_variance,362496,0.9171266555786133,1775502850.1431482
train/explained_variance,368640,0.9231955409049988,1775502858.5203073
train/explained_variance,374784,0.9294910430908203,1775502866.8923223
train/explained_variance,380928,0.9268603920936584,1775502875.3356295
train/explained_variance,387072,0.9247256517410278,1775502883.6756818
train/explained_variance,393216,0.9235270023345947,1775502892.1122103
train/explained_variance,399360,0.9288729429244995,1775502900.481204
train/explained_variance,399984,0.9273484349250793,1775502929.9554937
train/explained_variance,411648,0.9227510094642639,1775502945.0261273
train/explained_variance,417792,0.9163618087768555,1775502954.4503837
train/explained_variance,423936,0.9191145300865173,1775502963.638617
train/explained_variance,430080,0.9247109889984131,1775502973.1079152
train/explained_variance,436224,0.923978865146637,1775502982.8139758
train/explained_variance,442368,0.9221847057342529,1775502992.6159685
train/explained_variance,448512,0.9215041995048523,1775503002.146812
train/explained_variance,449982,0.9299103617668152,1775503027.5976343
train/explained_variance,460800,0.9275450706481934,1775503042.491524
train/explained_variance,466944,0.9261435270309448,1775503052.24421
train/explained_variance,473088,0.9248227477073669,1775503061.7985344
train/explained_variance,479232,0.9178217053413391,1775503071.3035681
train/explained_variance,485376,0.9313991665840149,1775503080.733946
train/explained_variance,491520,0.9298998117446899,1775503090.1551867
train/explained_variance,497664,0.9274358749389648,1775503099.8563926
train/explained_variance,499980,0.9272521138191223,1775503129.0904608
train/explained_variance,509952,0.9271198511123657,1775503142.918504
train/explained_variance,516096,0.9245353937149048,1775503152.2949584
train/explained_variance,522240,0.9250541925430298,1775503161.788081
train/explained_variance,528384,0.9238936901092529,1775503171.2779074
train/explained_variance,534528,0.922924280166626,1775503180.6790211
train/explained_variance,540672,0.9205015301704407,1775503190.092482
train/explained_variance,546816,0.92130446434021,1775503199.5331528
train/explained_variance,549978,0.9231719970703125,1775503231.635415
train/explained_variance,559104,0.9211731553077698,1775503244.499333
train/explained_variance,565248,0.9229667782783508,1775503253.9823866
train/explained_variance,571392,0.9277995228767395,1775503263.3977518
train/explained_variance,577536,0.9264616966247559,1775503272.8861337
train/explained_variance,583680,0.9248978495597839,1775503281.7705336
train/explained_variance,589824,0.9249284863471985,1775503290.3426242
train/explained_variance,595968,0.9266592860221863,1775503298.847022
train/explained_variance,599976,0.9262713193893433,1775503328.8690906
train/explained_variance,608256,0.9324096441268921,1775503339.5170643
train/explained_variance,614400,0.9319783449172974,1775503348.1137614
train/explained_variance,620544,0.9227001667022705,1775503356.7147365
train/explained_variance,626688,0.9257683753967285,1775503365.3101077
train/explained_variance,632832,0.9266836643218994,1775503373.836936
train/explained_variance,638976,0.9205480813980103,1775503382.3851595
train/explained_variance,645120,0.9271581768989563,1775503391.2693112
train/explained_variance,649974,0.9300416111946106,1775503423.4833808
train/explained_variance,657408,0.9249149560928345,1775503433.6256428
train/explained_variance,663552,0.9282247424125671,1775503442.6122293
train/explained_variance,669696,0.9277989268302917,1775503451.8258474
train/explained_variance,675840,0.9247450232505798,1775503460.8065214
train/explained_variance,681984,0.922099769115448,1775503469.554003
train/explained_variance,688128,0.9281464219093323,1775503477.8232617
train/explained_variance,694272,0.9296427965164185,1775503486.5348883
train/explained_variance,699972,0.925921618938446,1775503519.9501286
train/explained_variance,706560,0.9294248819351196,1775503528.9947543
train/explained_variance,712704,0.919031023979187,1775503537.79289
train/explained_variance,718848,0.9206084609031677,1775503546.0860522
train/explained_variance,724992,0.9251203536987305,1775503554.6996489
train/explained_variance,731136,0.920891523361206,1775503563.021357
train/explained_variance,737280,0.9315223693847656,1775503571.2977674
train/explained_variance,743424,0.9245396852493286,1775503580.2108984
train/explained_variance,749568,0.9250361323356628,1775503588.2033954
train/explained_variance,749970,0.9225869178771973,1775503611.6476636
train/explained_variance,761856,0.9284624457359314,1775503625.3625119
train/explained_variance,768000,0.926575243473053,1775503634.1219895
train/explained_variance,774144,0.9235538840293884,1775503642.0715945
train/explained_variance,780288,0.919333815574646,1775503650.1084619
train/explained_variance,786432,0.9251115322113037,1775503658.3519616
train/explained_variance,792576,0.9294955730438232,1775503666.3595562
train/explained_variance,798720,0.9241489171981812,1775503674.479936
train/explained_variance,799968,0.9245114326477051,1775503703.942589
train/explained_variance,811008,0.9298152327537537,1775503717.5012026
train/explained_variance,817152,0.925300121307373,1775503726.9479482
train/explained_variance,823296,0.9242188930511475,1775503736.849662
train/explained_variance,829440,0.9227912425994873,1775503746.2840183
train/explained_variance,835584,0.9266252517700195,1775503754.962421
train/explained_variance,841728,0.9301928281784058,1775503763.4890683
train/explained_variance,847872,0.9277649521827698,1775503772.2515855
train/explained_variance,849966,0.9257727265357971,1775503803.1560516
train/explained_variance,860160,0.9285171627998352,1775503815.953453
train/explained_variance,866304,0.928310215473175,1775503824.613496
train/explained_variance,872448,0.9279301762580872,1775503833.1382134
train/explained_variance,878592,0.9209964871406555,1775503841.618487
train/explained_variance,884736,0.923852801322937,1775503850.4590108
train/explained_variance,890880,0.9238876104354858,1775503859.8263443
train/explained_variance,897024,0.9271462559700012,1775503868.3699677
train/explained_variance,899964,0.9322293400764465,1775503899.097645
train/explained_variance,909312,0.9291914701461792,1775503912.7444353
train/explained_variance,915456,0.9302354454994202,1775503922.6677568
train/explained_variance,921600,0.9259148240089417,1775503931.4447749
train/explained_variance,927744,0.9282960295677185,1775503941.018523
train/explained_variance,933888,0.9292309284210205,1775503950.5679812
train/explained_variance,940032,0.9288247227668762,1775503960.1822345
train/explained_variance,946176,0.9231023192405701,1775503969.7950628
train/explained_variance,949962,0.9254719614982605,1775504002.3362613
train/explained_variance,958464,0.9303039312362671,1775504014.6581044
train/explained_variance,964608,0.93033766746521,1775504024.084259
train/explained_variance,970752,0.929085373878479,1775504033.5528765
train/explained_variance,976896,0.9298575520515442,1775504042.9973278
train/explained_variance,983040,0.9321897029876709,1775504052.557308
train/explained_variance,989184,0.9276413917541504,1775504062.0738995
train/explained_variance,995328,0.9276304244995117,1775504071.4734666
train/explained_variance,999960,0.9312206506729126,1775504103.3279073
train/learning_rate,12288,0.00038699040305800736,1775502179.8580463
train/learning_rate,18432,0.0003845980390906334,1775502189.0548449
train/learning_rate,24576,0.0003822056751232594,1775502197.8150153
train/learning_rate,30720,0.000379813282052055,1775502206.521006
train/learning_rate,36864,0.00037742091808468103,1775502214.7319977
train/learning_rate,43008,0.00037502855411730707,1775502223.482539
train/learning_rate,49152,0.0003726361901499331,1775502232.3452303
train/learning_rate,49998,0.00037024382618255913,1775502268.0542023
train/learning_rate,61440,0.00036785146221518517,1775502282.664482
train/learning_rate,67584,0.0003654590982478112,1775502291.2650752
train/learning_rate,73728,0.0003630667051766068,1775502302.2054412
train/learning_rate,79872,0.0003606743412092328,1775502312.420383
train/learning_rate,86016,0.00035828197724185884,1775502321.4720912
train/learning_rate,92160,0.00035588961327448487,1775502330.3619006
train/learning_rate,98304,0.0003534972493071109,1775502339.2817802
train/learning_rate,99996,0.00035110488533973694,1775502368.427247
train/learning_rate,110592,0.00034871252137236297,1775502382.4378111
train/learning_rate,116736,0.000346320157404989,1775502391.560881
train/learning_rate,122880,0.0003439277643337846,1775502400.2950687
train/learning_rate,129024,0.0003415354003664106,1775502408.9349492
train/learning_rate,135168,0.00033914303639903665,1775502418.671324
train/learning_rate,141312,0.0003367506724316627,1775502428.7684836
train/learning_rate,147456,0.0003343583084642887,1775502437.5176902
train/learning_rate,149994,0.00033196594449691474,1775502463.879982
train/learning_rate,159744,0.0003295735805295408,1775502476.5267708
train/learning_rate,165888,0.0003271812165621668,1775502485.0850434
train/learning_rate,172032,0.0003247888234909624,1775502493.5284848
train/learning_rate,178176,0.0003223964595235884,1775502501.9492357
train/learning_rate,184320,0.00032000409555621445,1775502510.3445008
train/learning_rate,190464,0.0003176117315888405,1775502518.7377274
train/learning_rate,196608,0.0003152193676214665,1775502527.1157386
train/learning_rate,199992,0.00031282700365409255,1775502556.753409
train/learning_rate,208896,0.0003104346396867186,1775502568.1142995
train/learning_rate,215040,0.0003080422757193446,1775502576.4786427
train/learning_rate,221184,0.0003056498826481402,1775502584.8320682
train/learning_rate,227328,0.0003032575186807662,1775502593.4533179
train/learning_rate,233472,0.00030086515471339226,1775502601.971451
train/learning_rate,239616,0.0002984727907460183,1775502610.4942617
train/learning_rate,245760,0.0002960804267786443,1775502619.044382
train/learning_rate,249990,0.00029368806281127036,1775502649.0274916
train/learning_rate,258048,0.0002912956988438964,1775502659.5035985
train/learning_rate,264192,0.0002889033348765224,1775502667.956395
train/learning_rate,270336,0.000286510941805318,1775502676.4850607
train/learning_rate,276480,0.00028411857783794403,1775502684.8351068
train/learning_rate,282624,0.00028172621387057006,1775502693.2875404
train/learning_rate,288768,0.0002793338499031961,1775502701.893209
train/learning_rate,294912,0.00027694148593582213,1775502710.3652275
train/learning_rate,299988,0.00027454912196844816,1775502742.6093717
train/learning_rate,307200,0.0002721567580010742,1775502752.1521044
train/learning_rate,313344,0.00026976436492986977,1775502760.6766884
train/learning_rate,319488,0.0002673720009624958,1775502769.1824434
train/learning_rate,325632,0.00026497963699512184,1775502777.5458984
train/learning_rate,331776,0.00026258727302774787,1775502785.9942439
train/learning_rate,337920,0.0002601949090603739,1775502794.3330467
train/learning_rate,344064,0.00025780254509299994,1775502802.7422261
train/learning_rate,349986,0.00025541018112562597,1775502833.011696
train/learning_rate,356352,0.000253017817158252,1775502841.6523442
train/learning_rate,362496,0.0002506254240870476,1775502850.1431603
train/learning_rate,368640,0.0002482330601196736,1775502858.5203192
train/learning_rate,374784,0.00024584069615229964,1775502866.8923337
train/learning_rate,380928,0.00024344833218492568,1775502875.3356414
train/learning_rate,387072,0.0002410559682175517,1775502883.6756935
train/learning_rate,393216,0.00023866360425017774,1775502892.1122224
train/learning_rate,399360,0.00023627122573088855,1775502900.481216
train/learning_rate,399984,0.00023387886176351458,1775502929.9558592
train/learning_rate,411648,0.0002314864977961406,1775502945.0261395
train/learning_rate,417792,0.00022909413382876664,1775502954.450395
train/learning_rate,423936,0.00022670175530947745,1775502963.638629
train/learning_rate,430080,0.00022430939134210348,1775502973.1079273
train/learning_rate,436224,0.00022191702737472951,1775502982.8139935
train/learning_rate,442368,0.00021952466340735555,1775502992.6159804
train/learning_rate,448512,0.00021713228488806635,1775503002.1468234
train/learning_rate,449982,0.00021473992092069238,1775503027.5979006
train/learning_rate,460800,0.00021234755695331842,1775503042.4915357
train/learning_rate,466944,0.00020995519298594445,1775503052.2442222
train/learning_rate,473088,0.00020756281446665525,1775503061.798546
train/learning_rate,479232,0.0002051704504992813,1775503071.3035805
train/learning_rate,485376,0.00020277808653190732,1775503080.733958
train/learning_rate,491520,0.00020038572256453335,1775503090.1551988
train/learning_rate,497664,0.00019799334404524416,1775503099.8564045
train/learning_rate,499980,0.0001956009800778702,1775503129.0907679
train/learning_rate,509952,0.00019320861611049622,1775503142.9185154
train/learning_rate,516096,0.00019081625214312226,1775503152.2949705
train/learning_rate,522240,0.00018842387362383306,1775503161.7880924
train/learning_rate,528384,0.0001860315096564591,1775503171.277919
train/learning_rate,534528,0.00018363914568908513,1775503180.6790335
train/learning_rate,540672,0.00018124676716979593,1775503190.0924938
train/learning_rate,546816,0.00017885440320242196,1775503199.5331645
train/learning_rate,549978,0.000176462039235048,1775503231.635649
train/learning_rate,559104,0.00017406967526767403,1775503244.4993448
train/learning_rate,565248,0.00017167729674838483,1775503253.9823987
train/learning_rate,571392,0.00016928493278101087,1775503263.3977635
train/learning_rate,577536,0.0001668925688136369,1775503272.8861454
train/learning_rate,583680,0.00016450020484626293,1775503281.7705455
train/learning_rate,589824,0.00016210782632697374,1775503290.342636
train/learning_rate,595968,0.00015971546235959977,1775503298.8470335
train/learning_rate,599976,0.0001573230983922258,1775503328.869572
train/learning_rate,608256,0.00015493073442485183,1775503339.517076
train/learning_rate,614400,0.00015253835590556264,1775503348.1137736
train/learning_rate,620544,0.00015014599193818867,1775503356.714748
train/learning_rate,626688,0.0001477536279708147,1775503365.3101196
train/learning_rate,632832,0.00014536126400344074,1775503373.8369474
train/learning_rate,638976,0.00014296888548415154,1775503382.3851712
train/learning_rate,645120,0.00014057652151677758,1775503391.2693236
train/learning_rate,649974,0.0001381841575494036,1775503423.4837184
train/learning_rate,657408,0.00013579179358202964,1775503433.6256545
train/learning_rate,663552,0.00013339941506274045,1775503442.612242
train/learning_rate,669696,0.00013100705109536648,1775503451.8258588
train/learning_rate,675840,0.0001286146871279925,1775503460.8065329
train/learning_rate,681984,0.00012622232316061854,1775503469.5540152
train/learning_rate,688128,0.00012382994464132935,1775503477.8232734
train/learning_rate,694272,0.00012143758067395538,1775503486.5348997
train/learning_rate,699972,0.00011904521670658141,1775503519.9503598
train/learning_rate,706560,0.00011665284546324983,1775503528.994766
train/learning_rate,712704,0.00011426048149587587,1775503537.7929022
train/learning_rate,718848,0.00011186811025254428,1775503546.086064
train/learning_rate,724992,0.00010947574628517032,1775503554.6996608
train/learning_rate,731136,0.00010708337504183874,1775503563.021369
train/learning_rate,737280,0.00010469101107446477,1775503571.2977796
train/learning_rate,743424,0.00010229863983113319,1775503580.2109098
train/learning_rate,749568,9.99062685878016e-05,1775503588.2034073
train/learning_rate,749970,9.751390462042764e-05,1775503611.647922
train/learning_rate,761856,9.512153337709606e-05,1775503625.3625236
train/learning_rate,768000,9.272916940972209e-05,1775503634.1220012
train/learning_rate,774144,9.033679816639051e-05,1775503642.071607
train/learning_rate,780288,8.794443419901654e-05,1775503650.1084762
train/learning_rate,786432,8.555206295568496e-05,1775503658.3519735
train/learning_rate,792576,8.315969898831099e-05,1775503666.3595676
train/learning_rate,798720,8.076732774497941e-05,1775503674.4799478
train/learning_rate,799968,7.837496377760544e-05,1775503703.9428232
train/learning_rate,811008,7.598259253427386e-05,1775503717.5012147
train/learning_rate,817152,7.35902285668999e-05,1775503726.94796
train/learning_rate,823296,7.119785732356831e-05,1775503736.8496742
train/learning_rate,829440,6.880549335619435e-05,1775503746.284047
train/learning_rate,835584,6.641312211286277e-05,1775503754.9624329
train/learning_rate,841728,6.40207581454888e-05,1775503763.4890804
train/learning_rate,847872,6.162838690215722e-05,1775503772.2515981
train/learning_rate,849966,5.923602293478325e-05,1775503803.1562996
train/learning_rate,860160,5.684365169145167e-05,1775503815.9534657
train/learning_rate,866304,5.4451284086098894e-05,1775503824.6135085
train/learning_rate,872448,5.205891648074612e-05,1775503833.1382256
train/learning_rate,878592,4.9666548875393346e-05,1775503841.6184988
train/learning_rate,884736,4.727418127004057e-05,1775503850.4590225
train/learning_rate,890880,4.48818136646878e-05,1775503859.826356
train/learning_rate,897024,4.248944605933502e-05,1775503868.3699887
train/learning_rate,899964,4.009707845398225e-05,1775503899.0978932
train/learning_rate,909312,3.7704710848629475e-05,1775503912.7444468
train/learning_rate,915456,3.53123432432767e-05,1775503922.6677685
train/learning_rate,921600,3.2919975637923926e-05,1775503931.4447868
train/learning_rate,927744,3.052760803257115e-05,1775503941.018535
train/learning_rate,933888,2.8135240427218378e-05,1775503950.5679932
train/learning_rate,940032,2.5742872821865603e-05,1775503960.1822462
train/learning_rate,946176,2.335050521651283e-05,1775503969.7950752
train/learning_rate,949962,2.0958137611160055e-05,1775504002.3365376
train/learning_rate,958464,1.856577000580728e-05,1775504014.6581163
train/learning_rate,964608,1.6173402400454506e-05,1775504024.0842712
train/learning_rate,970752,1.3781034795101732e-05,1775504033.5528884
train/learning_rate,976896,1.1388667189748958e-05,1775504042.9973397
train/learning_rate,983040,8.996299584396183e-06,1775504052.5573196
train/learning_rate,989184,6.603931524296058e-06,1775504062.0739112
train/learning_rate,995328,4.211563918943284e-06,1775504071.4734783
train/learning_rate,999960,1.8191963135905098e-06,1775504103.3281524
train/loss,12288,0.12923979759216309,1775502179.858058
train/loss,18432,-0.01593748852610588,1775502189.0548563
train/loss,24576,-0.0006630495190620422,1775502197.8150268
train/loss,30720,0.0025838762521743774,1775502206.5210176
train/loss,36864,0.013811971992254257,1775502214.7320204
train/loss,43008,0.024941544979810715,1775502223.4825516
train/loss,49152,0.016592402011156082,1775502232.345242
train/loss,49998,0.026170525699853897,1775502268.0544877
train/loss,61440,0.010351773351430893,1775502282.6645029
train/loss,67584,0.011365771293640137,1775502291.2650955
train/loss,73728,-0.002746894955635071,1775502302.2054539
train/loss,79872,-0.021716997027397156,1775502312.4203947
train/loss,86016,0.012674504891037941,1775502321.4721024
train/loss,92160,0.0036716703325510025,1775502330.3619115
train/loss,98304,0.0006601996719837189,1775502339.281792
train/loss,99996,0.013766419142484665,1775502368.4275613
train/loss,110592,0.017626922577619553,1775502382.437823
train/loss,116736,0.008263302966952324,1775502391.5608926
train/loss,122880,0.04922030493617058,1775502400.2950804
train/loss,129024,0.012333039194345474,1775502408.9349613
train/loss,135168,0.0013938825577497482,1775502418.6713357
train/loss,141312,-0.017307810485363007,1775502428.7685206
train/loss,147456,0.02357509732246399,1775502437.5177014
train/loss,149994,0.01125328242778778,1775502463.8807073
train/loss,159744,0.01809222251176834,1775502476.5267828
train/loss,165888,0.016584672033786774,1775502485.0850549
train/loss,172032,0.024516811594367027,1775502493.5284963
train/loss,178176,0.018884869292378426,1775502501.949247
train/loss,184320,0.0026662200689315796,1775502510.3445122
train/loss,190464,0.0019756369292736053,1775502518.737739
train/loss,196608,0.019875407218933105,1775502527.1157506
train/loss,199992,0.022104229778051376,1775502556.7536983
train/loss,208896,0.011542389169335365,1775502568.1143117
train/loss,215040,0.010328628122806549,1775502576.4786544
train/loss,221184,0.021306375041604042,1775502584.83208
train/loss,227328,0.015759913250803947,1775502593.4533293
train/loss,233472,0.012727377936244011,1775502601.9714627
train/loss,239616,0.023863820359110832,1775502610.4942732
train/loss,245760,0.005444083362817764,1775502619.044394
train/loss,249990,0.0315529964864254,1775502649.0277247
train/loss,258048,0.01632867567241192,1775502659.5036097
train/loss,264192,0.043161552399396896,1775502667.9564068
train/loss,270336,0.014703037217259407,1775502676.4850721
train/loss,276480,0.02244407683610916,1775502684.8351192
train/loss,282624,0.03399892896413803,1775502693.287552
train/loss,288768,0.010372279211878777,1775502701.8932211
train/loss,294912,0.017006101086735725,1775502710.3652384
train/loss,299988,0.010919947177171707,1775502742.609607
train/loss,307200,0.023493628948926926,1775502752.1521163
train/loss,313344,0.020586831495165825,1775502760.6766999
train/loss,319488,0.022793790325522423,1775502769.1824543
train/loss,325632,0.013397229835391045,1775502777.5459108
train/loss,331776,0.023732755333185196,1775502785.994258
train/loss,337920,0.002151947468519211,1775502794.3330584
train/loss,344064,0.002659674733877182,1775502802.7422378
train/loss,349986,0.02298327162861824,1775502833.011936
train/loss,356352,0.006468106061220169,1775502841.6523564
train/loss,362496,0.009154614061117172,1775502850.143172
train/loss,368640,0.02468728832900524,1775502858.5203314
train/loss,374784,0.017672449350357056,1775502866.8923454
train/loss,380928,0.02671852521598339,1775502875.335653
train/loss,387072,0.012332282960414886,1775502883.6757052
train/loss,393216,0.005890145897865295,1775502892.1122336
train/loss,399360,0.00667019747197628,1775502900.4812276
train/loss,399984,0.019011978060007095,1775502929.9560947
train/loss,411648,0.023820914328098297,1775502945.026151
train/loss,417792,0.03713138401508331,1775502954.4504063
train/loss,423936,0.03190799430012703,1775502963.6386404
train/loss,430080,0.011359307914972305,1775502973.107939
train/loss,436224,0.0163433775305748,1775502982.814013
train/loss,442368,0.01729154959321022,1775502992.615992
train/loss,448512,0.036291155964136124,1775503002.1468346
train/loss,449982,0.0033088698983192444,1775503027.5981357
train/loss,460800,0.0266607366502285,1775503042.491547
train/loss,466944,0.022832553833723068,1775503052.2442338
train/loss,473088,0.041744451969861984,1775503061.7985578
train/loss,479232,-0.0031223464757204056,1775503071.3035922
train/loss,485376,0.016184743493795395,1775503080.7339694
train/loss,491520,0.01906178705394268,1775503090.1552105
train/loss,497664,0.02138815075159073,1775503099.8564162
train/loss,499980,0.0272408165037632,1775503129.09105
train/loss,509952,-0.002326417714357376,1775503142.918527
train/loss,516096,0.020228803157806396,1775503152.2949824
train/loss,522240,0.00866193138062954,1775503161.7881045
train/loss,528384,0.01497119665145874,1775503171.2779305
train/loss,534528,0.03307449445128441,1775503180.6790454
train/loss,540672,0.010446975007653236,1775503190.0925047
train/loss,546816,0.013643920421600342,1775503199.533176
train/loss,549978,0.024180173873901367,1775503231.6358724
train/loss,559104,0.02801080234348774,1775503244.4993558
train/loss,565248,0.020066872239112854,1775503253.9824102
train/loss,571392,0.0027583129703998566,1775503263.3977754
train/loss,577536,0.02484726905822754,1775503272.8861568
train/loss,583680,0.014065179973840714,1775503281.7705572
train/loss,589824,0.017682386562228203,1775503290.3426473
train/loss,595968,0.014572598040103912,1775503298.8470454
train/loss,599976,0.0024242177605628967,1775503328.8700101
train/loss,608256,0.03312690928578377,1775503339.5170872
train/loss,614400,0.03509346395730972,1775503348.1137848
train/loss,620544,0.03273000940680504,1775503356.7147593
train/loss,626688,0.020517677068710327,1775503365.3101313
train/loss,632832,0.01953505538403988,1775503373.8369586
train/loss,638976,0.034918446093797684,1775503382.3851824
train/loss,645120,0.018898699432611465,1775503391.2693348
train/loss,649974,0.003271009773015976,1775503423.4840744
train/loss,657408,0.04006507620215416,1775503433.6256661
train/loss,663552,0.009491588920354843,1775503442.6122534
train/loss,669696,0.02170994132757187,1775503451.82587
train/loss,675840,0.021441807970404625,1775503460.8065443
train/loss,681984,0.00654221698641777,1775503469.5540273
train/loss,688128,0.01120343804359436,1775503477.8232853
train/loss,694272,0.015730932354927063,1775503486.5349112
train/loss,699972,0.01193593442440033,1775503519.9505932
train/loss,706560,0.021679818630218506,1775503528.9947777
train/loss,712704,0.019376792013645172,1775503537.792914
train/loss,718848,0.011087620630860329,1775503546.086076
train/loss,724992,0.008361877873539925,1775503554.6996722
train/loss,731136,0.034964799880981445,1775503563.0213811
train/loss,737280,0.018089469522237778,1775503571.2977905
train/loss,743424,0.023314015939831734,1775503580.2109215
train/loss,749568,0.018721211701631546,1775503588.203419
train/loss,749970,0.017177995294332504,1775503611.6481967
train/loss,761856,0.021627457812428474,1775503625.3625355
train/loss,768000,0.01789534091949463,1775503634.1220126
train/loss,774144,0.028845123946666718,1775503642.0716186
train/loss,780288,0.03751390427350998,1775503650.108489
train/loss,786432,0.012476222589612007,1775503658.3519855
train/loss,792576,0.02307955175638199,1775503666.3595793
train/loss,798720,0.012330295518040657,1775503674.4799588
train/loss,799968,0.012514807283878326,1775503703.94305
train/loss,811008,0.016140151768922806,1775503717.501226
train/loss,817152,0.017947159707546234,1775503726.947971
train/loss,823296,0.028176816180348396,1775503736.849686
train/loss,829440,0.03119019791483879,1775503746.2840662
train/loss,835584,0.03321263939142227,1775503754.9624443
train/loss,841728,0.02166616916656494,1775503763.4890919
train/loss,847872,0.023995811119675636,1775503772.2516098
train/loss,849966,0.02642703428864479,1775503803.156562
train/loss,860160,0.006486982107162476,1775503815.9534776
train/loss,866304,0.02553684450685978,1775503824.6135197
train/loss,872448,0.020104363560676575,1775503833.1382375
train/loss,878592,0.02277318388223648,1775503841.61851
train/loss,884736,0.02766108140349388,1775503850.4590342
train/loss,890880,0.04576446861028671,1775503859.8263674
train/loss,897024,0.03734835237264633,1775503868.370009
train/loss,899964,0.01977088488638401,1775503899.0982537
train/loss,909312,0.009036988019943237,1775503912.7444584
train/loss,915456,0.0078100524842739105,1775503922.6677806
train/loss,921600,0.042971521615982056,1775503931.4447978
train/loss,927744,0.010215462185442448,1775503941.018546
train/loss,933888,0.026863988488912582,1775503950.5680044
train/loss,940032,0.03343544900417328,1775503960.1822577
train/loss,946176,0.015263980254530907,1775503969.7950866
train/loss,949962,0.020329032093286514,1775504002.3367946
train/loss,958464,0.021855924278497696,1775504014.6581285
train/loss,964608,0.008827298879623413,1775504024.0842829
train/loss,970752,0.021679267287254333,1775504033.5528996
train/loss,976896,0.023060142993927002,1775504042.997351
train/loss,983040,0.029448337852954865,1775504052.557331
train/loss,989184,0.05621146410703659,1775504062.0739226
train/loss,995328,0.015784861519932747,1775504071.4734907
train/loss,999960,0.023218926042318344,1775504103.328383
train/policy_gradient_loss,12288,-0.009945070371031761,1775502179.8580697
train/policy_gradient_loss,18432,-0.012889777310192585,1775502189.0548675
train/policy_gradient_loss,24576,-0.006634301971644163,1775502197.8150382
train/policy_gradient_loss,30720,-0.00812110397964716,1775502206.5210297
train/policy_gradient_loss,36864,-0.0064140427857637405,1775502214.7320435
train/policy_gradient_loss,43008,-0.0059570325538516045,1775502223.4825635
train/policy_gradient_loss,49152,-0.004030105657875538,1775502232.345254
train/policy_gradient_loss,49998,-0.004990697838366032,1775502268.054706
train/policy_gradient_loss,61440,-0.004931723233312368,1775502282.6645234
train/policy_gradient_loss,67584,-0.005205369088798761,1775502291.2651157
train/policy_gradient_loss,73728,-0.0061324904672801495,1775502302.2054653
train/policy_gradient_loss,79872,-0.005357832182198763,1775502312.4204063
train/policy_gradient_loss,86016,-0.004797647707164288,1775502321.4721136
train/policy_gradient_loss,92160,-0.005562952719628811,1775502330.3619232
train/policy_gradient_loss,98304,-0.00481421547010541,1775502339.2818038
train/policy_gradient_loss,99996,-0.003975387662649155,1775502368.4278684
train/policy_gradient_loss,110592,-0.005361889488995075,1775502382.4378345
train/policy_gradient_loss,116736,-0.005995089188218117,1775502391.560904
train/policy_gradient_loss,122880,-0.006399102043360472,1775502400.295092
train/policy_gradient_loss,129024,-0.004873696714639664,1775502408.9349732
train/policy_gradient_loss,135168,-0.005045676603913307,1775502418.6713476
train/policy_gradient_loss,141312,-0.005130099598318338,1775502428.7685456
train/policy_gradient_loss,147456,-0.0042501650750637054,1775502437.5177133
train/policy_gradient_loss,149994,-0.00596276530995965,1775502463.8813975
train/policy_gradient_loss,159744,-0.0062002078630030155,1775502476.5267944
train/policy_gradient_loss,165888,-0.0055292826145887375,1775502485.085067
train/policy_gradient_loss,172032,-0.004540834575891495,1775502493.528508
train/policy_gradient_loss,178176,-0.003492007264867425,1775502501.9492583
train/policy_gradient_loss,184320,-0.0037090752739459276,1775502510.3445237
train/policy_gradient_loss,190464,-0.0074300700798630714,1775502518.7377505
train/policy_gradient_loss,196608,-0.004456655588001013,1775502527.1157627
train/policy_gradient_loss,199992,-0.0062412661500275135,1775502556.753998
train/policy_gradient_loss,208896,-0.003941572271287441,1775502568.1143243
train/policy_gradient_loss,215040,-0.0048034400679171085,1775502576.4786665
train/policy_gradient_loss,221184,-0.0048952605575323105,1775502584.8320918
train/policy_gradient_loss,227328,-0.004089718218892813,1775502593.453341
train/policy_gradient_loss,233472,-0.0049266875721514225,1775502601.9714742
train/policy_gradient_loss,239616,-0.005123686045408249,1775502610.494285
train/policy_gradient_loss,245760,-0.00648877490311861,1775502619.0444055
train/policy_gradient_loss,249990,-0.0054609570652246475,1775502649.027971
train/policy_gradient_loss,258048,-0.0070923930034041405,1775502659.503621
train/policy_gradient_loss,264192,-0.0057148681953549385,1775502667.9564183
train/policy_gradient_loss,270336,-0.00517162075266242,1775502676.4850838
train/policy_gradient_loss,276480,-0.0038503198884427547,1775502684.835131
train/policy_gradient_loss,282624,-0.0052970293909311295,1775502693.2875638
train/policy_gradient_loss,288768,-0.00564635219052434,1775502701.8932328
train/policy_gradient_loss,294912,-0.0063907187432050705,1775502710.3652499
train/policy_gradient_loss,299988,-0.004250247031450272,1775502742.6098487
train/policy_gradient_loss,307200,-0.006029604468494654,1775502752.1521277
train/policy_gradient_loss,313344,-0.005062437616288662,1775502760.6767118
train/policy_gradient_loss,319488,-0.003845611587166786,1775502769.182466
train/policy_gradient_loss,325632,-0.005659313872456551,1775502777.5459225
train/policy_gradient_loss,331776,-0.005751445423811674,1775502785.9942703
train/policy_gradient_loss,337920,-0.004080955870449543,1775502794.33307
train/policy_gradient_loss,344064,-0.0052042314782738686,1775502802.7422495
train/policy_gradient_loss,349986,-0.004648562520742416,1775502833.0122154
train/policy_gradient_loss,356352,-0.005735387094318867,1775502841.652368
train/policy_gradient_loss,362496,-0.004075879231095314,1775502850.1431837
train/policy_gradient_loss,368640,-0.0042841024696826935,1775502858.5203433
train/policy_gradient_loss,374784,-0.004554776940494776,1775502866.8923566
train/policy_gradient_loss,380928,-0.0040535349398851395,1775502875.3356643
train/policy_gradient_loss,387072,-0.0036189304664731026,1775502883.6757169
train/policy_gradient_loss,393216,-0.0059853289276361465,1775502892.1122453
train/policy_gradient_loss,399360,-0.0055810995399951935,1775502900.4812388
train/policy_gradient_loss,399984,-0.004481066484004259,1775502929.9564626
train/policy_gradient_loss,411648,-0.004712266381829977,1775502945.0261621
train/policy_gradient_loss,417792,-0.0051668123342096806,1775502954.450418
train/policy_gradient_loss,423936,-0.005238708574324846,1775502963.638652
train/policy_gradient_loss,430080,-0.00480580423027277,1775502973.1079512
train/policy_gradient_loss,436224,-0.005103811156004667,1775502982.8140342
train/policy_gradient_loss,442368,-0.003961586859077215,1775502992.6160038
train/policy_gradient_loss,448512,-0.004887203220278025,1775503002.1468465
train/policy_gradient_loss,449982,-0.00474109873175621,1775503027.598352
train/policy_gradient_loss,460800,-0.005040984600782394,1775503042.4915586
train/policy_gradient_loss,466944,-0.0032418209593743086,1775503052.2442455
train/policy_gradient_loss,473088,-0.004396733362227678,1775503061.7985692
train/policy_gradient_loss,479232,-0.005407503340393305,1775503071.303604
train/policy_gradient_loss,485376,-0.0042879884131252766,1775503080.7339811
train/policy_gradient_loss,491520,-0.004690549336373806,1775503090.1552222
train/policy_gradient_loss,497664,-0.005739465355873108,1775503099.8564277
train/policy_gradient_loss,499980,-0.004971110727638006,1775503129.091303
train/policy_gradient_loss,509952,-0.004658197518438101,1775503142.9185386
train/policy_gradient_loss,516096,-0.0039676702581346035,1775503152.294994
train/policy_gradient_loss,522240,-0.005189014598727226,1775503161.7881162
train/policy_gradient_loss,528384,-0.003762864973396063,1775503171.2779422
train/policy_gradient_loss,534528,-0.003982532769441605,1775503180.6790574
train/policy_gradient_loss,540672,-0.00438951700925827,1775503190.0925167
train/policy_gradient_loss,546816,-0.0043601393699646,1775503199.5331874
train/policy_gradient_loss,549978,-0.0036789451260119677,1775503231.6361191
train/policy_gradient_loss,559104,-0.004293031059205532,1775503244.4993675
train/policy_gradient_loss,565248,-0.0035697249695658684,1775503253.9824219
train/policy_gradient_loss,571392,-0.005579961929470301,1775503263.397787
train/policy_gradient_loss,577536,-0.0032093171030282974,1775503272.8861685
train/policy_gradient_loss,583680,-0.003591983811929822,1775503281.7705686
train/policy_gradient_loss,589824,-0.005076340399682522,1775503290.3426585
train/policy_gradient_loss,595968,-0.004204516764730215,1775503298.8470569
train/policy_gradient_loss,599976,-0.006231287494301796,1775503328.8704438
train/policy_gradient_loss,608256,-0.0038496917113661766,1775503339.517099
train/policy_gradient_loss,614400,-0.0032712293323129416,1775503348.113796
train/policy_gradient_loss,620544,-0.0034991248976439238,1775503356.714771
train/policy_gradient_loss,626688,-0.0035050432197749615,1775503365.3101432
train/policy_gradient_loss,632832,-0.004139219410717487,1775503373.8369703
train/policy_gradient_loss,638976,-0.004441134165972471,1775503382.385194
train/policy_gradient_loss,645120,-0.005363950971513987,1775503391.2693465
train/policy_gradient_loss,649974,-0.004462921991944313,1775503423.484473
train/policy_gradient_loss,657408,-0.004044540226459503,1775503433.625678
train/policy_gradient_loss,663552,-0.0033029683399945498,1775503442.612265
train/policy_gradient_loss,669696,-0.0033217240124940872,1775503451.8258824
train/policy_gradient_loss,675840,-0.0028394677210599184,1775503460.806556
train/policy_gradient_loss,681984,-0.0031993547454476357,1775503469.5540388
train/policy_gradient_loss,688128,-0.003343159332871437,1775503477.8232968
train/policy_gradient_loss,694272,-0.002645672531798482,1775503486.5349228
train/policy_gradient_loss,699972,-0.004391395021229982,1775503519.9508314
train/policy_gradient_loss,706560,-0.004534057807177305,1775503528.9947891
train/policy_gradient_loss,712704,-0.004226110875606537,1775503537.7929256
train/policy_gradient_loss,718848,-0.0044790045358240604,1775503546.0860877
train/policy_gradient_loss,724992,-0.003682377515360713,1775503554.699684
train/policy_gradient_loss,731136,-0.0032635752577334642,1775503563.0213933
train/policy_gradient_loss,737280,-0.004121322184801102,1775503571.2978017
train/policy_gradient_loss,743424,-0.0032805679365992546,1775503580.210933
train/policy_gradient_loss,749568,-0.0028940136544406414,1775503588.2034302
train/policy_gradient_loss,749970,-0.004299287684261799,1775503611.648431
train/policy_gradient_loss,761856,-0.003647591918706894,1775503625.362547
train/policy_gradient_loss,768000,-0.004684275947511196,1775503634.1220245
train/policy_gradient_loss,774144,-0.003836781019344926,1775503642.071631
train/policy_gradient_loss,780288,-0.0038056960329413414,1775503650.1085014
train/policy_gradient_loss,786432,-0.0023999253753572702,1775503658.3519971
train/policy_gradient_loss,792576,-0.0036259163171052933,1775503666.3595912
train/policy_gradient_loss,798720,-0.003384372452273965,1775503674.4799702
train/policy_gradient_loss,799968,-0.0035729948431253433,1775503703.9433565
train/policy_gradient_loss,811008,-0.003031198401004076,1775503717.5012374
train/policy_gradient_loss,817152,-0.0035913006868213415,1775503726.9479825
train/policy_gradient_loss,823296,-0.0032131499610841274,1775503736.8496974
train/policy_gradient_loss,829440,-0.00218379613943398,1775503746.2840855
train/policy_gradient_loss,835584,-0.002592262579128146,1775503754.9624555
train/policy_gradient_loss,841728,-0.003440758679062128,1775503763.4891033
train/policy_gradient_loss,847872,-0.0027899048291146755,1775503772.2516222
train/policy_gradient_loss,849966,-0.002940555103123188,1775503803.156853
train/policy_gradient_loss,860160,-0.002472507767379284,1775503815.9534893
train/policy_gradient_loss,866304,-0.0031454325653612614,1775503824.6135314
train/policy_gradient_loss,872448,-0.003537796437740326,1775503833.1382494
train/policy_gradient_loss,878592,-0.002627513138577342,1775503841.6185215
train/policy_gradient_loss,884736,-0.0024059084244072437,1775503850.4590456
train/policy_gradient_loss,890880,-0.0027771752793341875,1775503859.826379
train/policy_gradient_loss,897024,-0.0036696610040962696,1775503868.3700316
train/policy_gradient_loss,899964,-0.003374791005626321,1775503899.0985208
train/policy_gradient_loss,909312,-0.0020462546963244677,1775503912.7444704
train/policy_gradient_loss,915456,-0.002535585081204772,1775503922.6677918
train/policy_gradient_loss,921600,-0.0016663377173244953,1775503931.4448092
train/policy_gradient_loss,927744,-0.001997040817514062,1775503941.0185578
train/policy_gradient_loss,933888,-0.0033024190925061703,1775503950.5680158
train/policy_gradient_loss,940032,-0.00202768063172698,1775503960.1822693
train/policy_gradient_loss,946176,-0.001048943609930575,1775503969.795098
train/policy_gradient_loss,949962,-0.0031859029550105333,1775504002.337059
train/policy_gradient_loss,958464,-0.0018394803628325462,1775504014.65814
train/policy_gradient_loss,964608,-0.0020835043396800756,1775504024.0842943
train/policy_gradient_loss,970752,-0.0012978637823835015,1775504033.552911
train/policy_gradient_loss,976896,-0.0011250938987359405,1775504042.9973626
train/policy_gradient_loss,983040,-0.0006868987693451345,1775504052.5573428
train/policy_gradient_loss,989184,-0.0005129679921083152,1775504062.073934
train/policy_gradient_loss,995328,-0.00033313792664557695,1775504071.4735026
train/policy_gradient_loss,999960,-8.928643364924937e-05,1775504103.328621
train/value_loss,12288,0.19630825519561768,1775502179.8580813
train/value_loss,18432,0.031139623373746872,1775502189.0548785
train/value_loss,24576,0.037289682775735855,1775502197.8150492
train/value_loss,30720,0.050519153475761414,1775502206.5210416
train/value_loss,36864,0.05314122140407562,1775502214.7320588
train/value_loss,43008,0.05419265106320381,1775502223.482575
train/value_loss,49152,0.05428280681371689,1775502232.3452656
train/value_loss,49998,0.06079971417784691,1775502268.0550203
train/value_loss,61440,0.0515034943819046,1775502282.6645422
train/value_loss,67584,0.04900595545768738,1775502291.2651346
train/value_loss,73728,0.04857153818011284,1775502302.2054775
train/value_loss,79872,0.041855547577142715,1775502312.4204183
train/value_loss,86016,0.046039726585149765,1775502321.4721248
train/value_loss,92160,0.039245977997779846,1775502330.3619347
train/value_loss,98304,0.03865715116262436,1775502339.2818153
train/value_loss,99996,0.03782827779650688,1775502368.4281867
train/value_loss,110592,0.03782733902335167,1775502382.437846
train/value_loss,116736,0.037205398082733154,1775502391.5609155
train/value_loss,122880,0.041036102920770645,1775502400.2951038
train/value_loss,129024,0.03872942551970482,1775502408.9349847
train/value_loss,135168,0.0358114093542099,1775502418.671359
train/value_loss,141312,0.03881223872303963,1775502428.7685661
train/value_loss,147456,0.03544466197490692,1775502437.5177248
train/value_loss,149994,0.03811416029930115,1775502463.881816
train/value_loss,159744,0.036116823554039,1775502476.526806
train/value_loss,165888,0.03870534896850586,1775502485.0850785
train/value_loss,172032,0.04125038534402847,1775502493.5285196
train/value_loss,178176,0.040677208453416824,1775502501.9492695
train/value_loss,184320,0.03955312818288803,1775502510.344535
train/value_loss,190464,0.03724763169884682,1775502518.7377615
train/value_loss,196608,0.03943125158548355,1775502527.1157749
train/value_loss,199992,0.042021479457616806,1775502556.7543278
train/value_loss,208896,0.040214307606220245,1775502568.114336
train/value_loss,215040,0.03814262896776199,1775502576.4786777
train/value_loss,221184,0.042141202837228775,1775502584.8321037
train/value_loss,227328,0.03918486833572388,1775502593.4533527
train/value_loss,233472,0.040145143866539,1775502601.9714856
train/value_loss,239616,0.040970589965581894,1775502610.4942963
train/value_loss,245760,0.037550460547208786,1775502619.0444167
train/value_loss,249990,0.038235995918512344,1775502649.0282497
train/value_loss,258048,0.039948720484972,1775502659.5036328
train/value_loss,264192,0.04490315914154053,1775502667.9564304
train/value_loss,270336,0.042924631386995316,1775502676.4850953
train/value_loss,276480,0.03889117389917374,1775502684.8351426
train/value_loss,282624,0.040898825973272324,1775502693.2875755
train/value_loss,288768,0.04077158123254776,1775502701.8932445
train/value_loss,294912,0.040279608219861984,1775502710.3652608
train/value_loss,299988,0.0405379943549633,1775502742.6100845
train/value_loss,307200,0.040293000638484955,1775502752.152139
train/value_loss,313344,0.03651602938771248,1775502760.676723
train/value_loss,319488,0.041093483567237854,1775502769.1824777
train/value_loss,325632,0.03971971198916435,1775502777.545934
train/value_loss,331776,0.039958205074071884,1775502785.9942822
train/value_loss,337920,0.04020160809159279,1775502794.3330812
train/value_loss,344064,0.037049874663352966,1775502802.7422605
train/value_loss,349986,0.043508656322956085,1775502833.012605
train/value_loss,356352,0.0413685105741024,1775502841.6523793
train/value_loss,362496,0.04707713797688484,1775502850.1431952
train/value_loss,368640,0.043839070945978165,1775502858.5203547
train/value_loss,374784,0.0397142618894577,1775502866.8923676
train/value_loss,380928,0.040645428001880646,1775502875.335676
train/value_loss,387072,0.041692301630973816,1775502883.6757283
train/value_loss,393216,0.039082325994968414,1775502892.1122572
train/value_loss,399360,0.03916520997881889,1775502900.48125
train/value_loss,399984,0.03985942155122757,1775502929.9567091
train/value_loss,411648,0.04167976230382919,1775502945.0261736
train/value_loss,417792,0.0450797900557518,1775502954.450429
train/value_loss,423936,0.042642462998628616,1775502963.6386638
train/value_loss,430080,0.040822770446538925,1775502973.1079626
train/value_loss,436224,0.04335497319698334,1775502982.8140557
train/value_loss,442368,0.044278182089328766,1775502992.6160154
train/value_loss,448512,0.04117077961564064,1775503002.1468582
train/value_loss,449982,0.03866219520568848,1775503027.5986116
train/value_loss,460800,0.0392795205116272,1775503042.49157
train/value_loss,466944,0.04195680469274521,1775503052.2442563
train/value_loss,473088,0.03919677808880806,1775503061.798581
train/value_loss,479232,0.04376673698425293,1775503071.3036156
train/value_loss,485376,0.038900017738342285,1775503080.7339923
train/value_loss,491520,0.03738488629460335,1775503090.1552336
train/value_loss,497664,0.04411255940794945,1775503099.8564394
train/value_loss,499980,0.03912585228681564,1775503129.091559
train/value_loss,509952,0.0380093939602375,1775503142.9185498
train/value_loss,516096,0.04005156457424164,1775503152.2950058
train/value_loss,522240,0.04062218219041824,1775503161.7881274
train/value_loss,528384,0.04024970158934593,1775503171.277954
train/value_loss,534528,0.04220636188983917,1775503180.679069
train/value_loss,540672,0.043211840093135834,1775503190.0925276
train/value_loss,546816,0.044029876589775085,1775503199.5331988
train/value_loss,549978,0.04576423391699791,1775503231.6363668
train/value_loss,559104,0.043931201100349426,1775503244.4993787
train/value_loss,565248,0.045078475028276443,1775503253.9824333
train/value_loss,571392,0.041569314897060394,1775503263.3977983
train/value_loss,577536,0.044105738401412964,1775503272.88618
train/value_loss,583680,0.043360646814107895,1775503281.7705803
train/value_loss,589824,0.041145797818899155,1775503290.3426707
train/value_loss,595968,0.04283199831843376,1775503298.8470683
train/value_loss,599976,0.040368612855672836,1775503328.8708413
train/value_loss,608256,0.037636786699295044,1775503339.51711
train/value_loss,614400,0.041122160851955414,1775503348.1138077
train/value_loss,620544,0.04409564658999443,1775503356.7147822
train/value_loss,626688,0.042891234159469604,1775503365.3101547
train/value_loss,632832,0.0456014983355999,1775503373.8369815
train/value_loss,638976,0.04401726648211479,1775503382.3852055
train/value_loss,645120,0.04313238710165024,1775503391.269358
train/value_loss,649974,0.041097819805145264,1775503423.4848146
train/value_loss,657408,0.0421086847782135,1775503433.6256897
train/value_loss,663552,0.04350419342517853,1775503442.6122768
train/value_loss,669696,0.04205828905105591,1775503451.8258934
train/value_loss,675840,0.04406316950917244,1775503460.8065674
train/value_loss,681984,0.041949350386857986,1775503469.5540502
train/value_loss,688128,0.03913690522313118,1775503477.8233082
train/value_loss,694272,0.03975871950387955,1775503486.534934
train/value_loss,699972,0.04090728238224983,1775503519.9510593
train/value_loss,706560,0.037257950752973557,1775503528.994801
train/value_loss,712704,0.044582631438970566,1775503537.7929375
train/value_loss,718848,0.04055997356772423,1775503546.086099
train/value_loss,724992,0.039248958230018616,1775503554.6996953
train/value_loss,731136,0.044273167848587036,1775503563.0214052
train/value_loss,737280,0.03880816698074341,1775503571.297813
train/value_loss,743424,0.041817061603069305,1775503580.2109442
train/value_loss,749568,0.04079558700323105,1775503588.2034414
train/value_loss,749970,0.04225325211882591,1775503611.6486263
train/value_loss,761856,0.04240201786160469,1775503625.3625584
train/value_loss,768000,0.04154122248291969,1775503634.1220362
train/value_loss,774144,0.0409427247941494,1775503642.0716426
train/value_loss,780288,0.04477333649992943,1775503650.1085136
train/value_loss,786432,0.04170837625861168,1775503658.3520093
train/value_loss,792576,0.0425846166908741,1775503666.3596027
train/value_loss,798720,0.04336285591125488,1775503674.479982
train/value_loss,799968,0.04037950187921524,1775503703.9436169
train/value_loss,811008,0.04217550903558731,1775503717.501249
train/value_loss,817152,0.045156970620155334,1775503726.947994
train/value_loss,823296,0.04618579149246216,1775503736.8497088
train/value_loss,829440,0.04579763859510422,1775503746.2841043
train/value_loss,835584,0.042985353618860245,1775503754.9624667
train/value_loss,841728,0.041117072105407715,1775503763.4891145
train/value_loss,847872,0.04218096286058426,1775503772.251634
train/value_loss,849966,0.04344053193926811,1775503803.1570678
train/value_loss,860160,0.04229002073407173,1775503815.9535012
train/value_loss,866304,0.04204133525490761,1775503824.6135428
train/value_loss,872448,0.043293748050928116,1775503833.1382613
train/value_loss,878592,0.04723689332604408,1775503841.618533
train/value_loss,884736,0.04497407749295235,1775503850.459057
train/value_loss,890880,0.047953471541404724,1775503859.8263907
train/value_loss,897024,0.043292492628097534,1775503868.370051
train/value_loss,899964,0.03971371054649353,1775503899.0988042
train/value_loss,909312,0.04425652325153351,1775503912.7444818
train/value_loss,915456,0.04095903038978577,1775503922.6678028
train/value_loss,921600,0.04348386824131012,1775503931.4448204
train/value_loss,927744,0.04382559284567833,1775503941.0185692
train/value_loss,933888,0.04242129996418953,1775503950.568027
train/value_loss,940032,0.043717436492443085,1775503960.182281
train/value_loss,946176,0.044238846749067307,1775503969.7951093
train/value_loss,949962,0.0442536436021328,1775504002.3373563
train/value_loss,958464,0.04403240978717804,1775504014.6581516
train/value_loss,964608,0.042886555194854736,1775504024.0843062
train/value_loss,970752,0.04439317435026169,1775504033.5529227
train/value_loss,976896,0.04376109316945076,1775504042.9973743
train/value_loss,983040,0.04059523344039917,1775504052.5573547
train/value_loss,989184,0.04556525871157646,1775504062.0739453
train/value_loss,995328,0.04343903064727783,1775504071.4735146
train/value_loss,999960,0.041469380259513855,1775504103.3288598
eval/load_std,49998,0.0,1775502268.051643
eval/load_std,99996,0.0,1775502368.4250553
eval/load_std,149994,0.0,1775502463.877342
eval/load_std,199992,0.0,1775502556.7510293
eval/load_std,249990,0.0,1775502649.025302
eval/load_std,299988,0.0,1775502742.6072023
eval/load_std,349986,0.0,1775502833.0091739
eval/load_std,399984,0.0,1775502929.9530296
eval/load_std,449982,0.0,1775503027.5957935
eval/load_std,499980,0.0,1775503129.0883367
eval/load_std,549978,0.0,1775503231.6335046
eval/load_std,599976,0.0,1775503328.8668344
eval/load_std,649974,0.0,1775503423.4785914
eval/load_std,699972,0.0,1775503519.948045
eval/load_std,749970,0.0,1775503611.6456335
eval/load_std,799968,0.0,1775503703.9405308
eval/load_std,849966,0.0,1775503803.1537647
eval/load_std,899964,0.0,1775503899.0953884
eval/load_std,949962,0.0,1775504002.3318336
eval/load_std,999960,0.0,1775504103.325863
eval/rl_ts_gap_vs_baseline,49998,-3.9291250705718994,1775502268.0516846
eval/rl_ts_gap_vs_baseline,99996,-4.870986461639404,1775502368.4250937
eval/rl_ts_gap_vs_baseline,149994,-5.361721992492676,1775502463.8773806
eval/rl_ts_gap_vs_baseline,199992,-4.871321678161621,1775502556.7510731
eval/rl_ts_gap_vs_baseline,249990,-5.129551887512207,1775502649.0253394
eval/rl_ts_gap_vs_baseline,299988,-4.92703104019165,1775502742.6072402
eval/rl_ts_gap_vs_baseline,349986,-5.21486759185791,1775502833.0092127
eval/rl_ts_gap_vs_baseline,399984,-4.483544826507568,1775502929.9530675
eval/rl_ts_gap_vs_baseline,449982,-5.759079456329346,1775503027.5958333
eval/rl_ts_gap_vs_baseline,499980,-5.1892313957214355,1775503129.0883744
eval/rl_ts_gap_vs_baseline,549978,-4.961426734924316,1775503231.6335483
eval/rl_ts_gap_vs_baseline,599976,-5.225541591644287,1775503328.8668768
eval/rl_ts_gap_vs_baseline,649974,-4.992402076721191,1775503423.4786706
eval/rl_ts_gap_vs_baseline,699972,-5.118011474609375,1775503519.9480836
eval/rl_ts_gap_vs_baseline,749970,-5.575215816497803,1775503611.6456678
eval/rl_ts_gap_vs_baseline,799968,-4.92950439453125,1775503703.9405727
eval/rl_ts_gap_vs_baseline,849966,-4.931272983551025,1775503803.1538067
eval/rl_ts_gap_vs_baseline,899964,-4.760797500610352,1775503899.0954263
eval/rl_ts_gap_vs_baseline,949962,-5.233669281005859,1775504002.3318713
eval/rl_ts_gap_vs_baseline,999960,-5.228079319000244,1775504103.3259008
eval/rl_ts_mean_ride,49998,8.271688461303711,1775502268.0517008
eval/rl_ts_mean_ride,99996,8.28018856048584,1775502368.4251103
eval/rl_ts_mean_ride,149994,8.157638549804688,1775502463.8773978
eval/rl_ts_mean_ride,199992,8.257843017578125,1775502556.751089
eval/rl_ts_mean_ride,249990,8.275445938110352,1775502649.025355
eval/rl_ts_mean_ride,299988,8.251398086547852,1775502742.6072562
eval/rl_ts_mean_ride,349986,8.225288391113281,1775502833.009229
eval/rl_ts_mean_ride,399984,8.32960319519043,1775502929.9530833
eval/rl_ts_mean_ride,449982,8.156573295593262,1775503027.595849
eval/rl_ts_mean_ride,499980,8.24514102935791,1775503129.0883896
eval/rl_ts_mean_ride,549978,8.187801361083984,1775503231.6335683
eval/rl_ts_mean_ride,599976,8.232110023498535,1775503328.8668938
eval/rl_ts_mean_ride,649974,8.289776802062988,1775503423.4787045
eval/rl_ts_mean_ride,699972,8.255885124206543,1775503519.9481
eval/rl_ts_mean_ride,749970,8.195989608764648,1775503611.6456838
eval/rl_ts_mean_ride,799968,8.153945922851562,1775503703.9405887
eval/rl_ts_mean_ride,849966,8.24683952331543,1775503803.1538239
eval/rl_ts_mean_ride,899964,8.18337345123291,1775503899.0954428
eval/rl_ts_mean_ride,949962,8.31338882446289,1775504002.331887
eval/rl_ts_mean_ride,999960,8.16282844543457,1775504103.3259165
eval/rl_ts_mean_wait,49998,5.238074779510498,1775502268.0517137
eval/rl_ts_mean_wait,99996,4.296213150024414,1775502368.4251232
eval/rl_ts_mean_wait,149994,3.8054778575897217,1775502463.8774114
eval/rl_ts_mean_wait,199992,4.295877933502197,1775502556.7511027
eval/rl_ts_mean_wait,249990,4.0376482009887695,1775502649.0253687
eval/rl_ts_mean_wait,299988,4.240169048309326,1775502742.6072693
eval/rl_ts_mean_wait,349986,3.9523327350616455,1775502833.0092418
eval/rl_ts_mean_wait,399984,4.68365478515625,1775502929.953097
eval/rl_ts_mean_wait,449982,3.4081203937530518,1775503027.595862
eval/rl_ts_mean_wait,499980,3.977968692779541,1775503129.0884025
eval/rl_ts_mean_wait,549978,4.20577335357666,1775503231.6335835
eval/rl_ts_mean_wait,599976,3.9416584968566895,1775503328.8669066
eval/rl_ts_mean_wait,649974,4.174798011779785,1775503423.4787319
eval/rl_ts_mean_wait,699972,4.049188137054443,1775503519.9481137
eval/rl_ts_mean_wait,749970,3.5919840335845947,1775503611.6456969
eval/rl_ts_mean_wait,799968,4.237695693969727,1775503703.940602
eval/rl_ts_mean_wait,849966,4.235926628112793,1775503803.1538382
eval/rl_ts_mean_wait,899964,4.406402587890625,1775503899.0954554
eval/rl_ts_mean_wait,949962,3.933530807495117,1775504002.3319008
eval/rl_ts_mean_wait,999960,3.9391207695007324,1775504103.3259287
eval/rl_ts_p95_wait,49998,17.414825439453125,1775502268.0517259
eval/rl_ts_p95_wait,99996,14.449742317199707,1775502368.4251354
eval/rl_ts_p95_wait,149994,13.605422973632812,1775502463.8774235
eval/rl_ts_p95_wait,199992,15.254195213317871,1775502556.7511158
eval/rl_ts_p95_wait,249990,14.527841567993164,1775502649.0253806
eval/rl_ts_p95_wait,299988,14.739364624023438,1775502742.6072814
eval/rl_ts_p95_wait,349986,13.25379467010498,1775502833.009254
eval/rl_ts_p95_wait,399984,17.095787048339844,1775502929.9531095
eval/rl_ts_p95_wait,449982,12.77837085723877,1775503027.5958738
eval/rl_ts_p95_wait,499980,13.821571350097656,1775503129.0884142
eval/rl_ts_p95_wait,549978,14.038703918457031,1775503231.633597
eval/rl_ts_p95_wait,599976,14.592056274414062,1775503328.8669195
eval/rl_ts_p95_wait,649974,14.51579761505127,1775503423.4787562
eval/rl_ts_p95_wait,699972,14.787508964538574,1775503519.9481258
eval/rl_ts_p95_wait,749970,13.270915985107422,1775503611.6457086
eval/rl_ts_p95_wait,799968,14.309245109558105,1775503703.9406142
eval/rl_ts_p95_wait,849966,14.6184663772583,1775503803.1538506
eval/rl_ts_p95_wait,899964,16.075998306274414,1775503899.0954673
eval/rl_ts_p95_wait,949962,14.765604972839355,1775504002.3319128
eval/rl_ts_p95_wait,999960,14.142918586730957,1775504103.3259408
eval/rl_ts_rejected,49998,38.0,1775502268.0517378
eval/rl_ts_rejected,99996,38.0,1775502368.4251468
eval/rl_ts_rejected,149994,38.0,1775502463.8774357
eval/rl_ts_rejected,199992,38.0,1775502556.751128
eval/rl_ts_rejected,249990,38.33333206176758,1775502649.0253925
eval/rl_ts_rejected,299988,38.0,1775502742.6072931
eval/rl_ts_rejected,349986,38.0,1775502833.009265
eval/rl_ts_rejected,399984,38.0,1775502929.9531207
eval/rl_ts_rejected,449982,38.0,1775503027.5958855
eval/rl_ts_rejected,499980,38.0,1775503129.0884254
eval/rl_ts_rejected,549978,38.0,1775503231.6336093
eval/rl_ts_rejected,599976,38.0,1775503328.8669312
eval/rl_ts_rejected,649974,38.33333206176758,1775503423.4787798
eval/rl_ts_rejected,699972,38.66666793823242,1775503519.9481378
eval/rl_ts_rejected,749970,38.0,1775503611.6457202
eval/rl_ts_rejected,799968,39.0,1775503703.9406261
eval/rl_ts_rejected,849966,40.0,1775503803.153863
eval/rl_ts_rejected,899964,40.33333206176758,1775503899.0954788
eval/rl_ts_rejected,949962,38.66666793823242,1775504002.331924
eval/rl_ts_rejected,999960,38.0,1775504103.3259523
eval/rl_ts_score,49998,11.857000350952148,1775502268.0517497
eval/rl_ts_score,99996,10.930000305175781,1775502368.4251585
eval/rl_ts_score,149994,10.458000183105469,1775502463.8774474
eval/rl_ts_score,199992,10.932000160217285,1775502556.7511396
eval/rl_ts_score,249990,10.732000350952148,1775502649.0254045
eval/rl_ts_score,299988,10.859000205993652,1775502742.6073048
eval/rl_ts_score,349986,10.621000289916992,1775502833.009276
eval/rl_ts_score,399984,11.383999824523926,1775502929.9531324
eval/rl_ts_score,449982,10.109999656677246,1775503027.5958972
eval/rl_ts_score,499980,10.595999717712402,1775503129.0884368
eval/rl_ts_score,549978,10.772000312805176,1775503231.6336215
eval/rl_ts_score,599976,10.621000289916992,1775503328.8669431
eval/rl_ts_score,649974,10.819000244140625,1775503423.478805
eval/rl_ts_score,699972,10.788999557495117,1775503519.9481492
eval/rl_ts_score,749970,10.265000343322754,1775503611.645732
eval/rl_ts_score,799968,10.906999588012695,1775503703.9406383
eval/rl_ts_score,849966,11.128999710083008,1775503803.153875
eval/rl_ts_score,899964,11.38599967956543,1775503899.0954905
eval/rl_ts_score,949962,10.689000129699707,1775504002.3319354
eval/rl_ts_score,999960,10.541999816894531,1775504103.3259637
eval/rl_ts_service_rate,49998,0.8100786209106445,1775502268.0517614
eval/rl_ts_service_rate,99996,0.8001871705055237,1775502368.4251695
eval/rl_ts_service_rate,149994,0.7989042401313782,1775502463.8774593
eval/rl_ts_service_rate,199992,0.8060221672058105,1775502556.7511513
eval/rl_ts_service_rate,249990,0.8027348518371582,1775502649.0254161
eval/rl_ts_service_rate,299988,0.8056676983833313,1775502742.6073158
eval/rl_ts_service_rate,349986,0.7914783358573914,1775502833.009287
eval/rl_ts_service_rate,399984,0.8039394021034241,1775502929.9531438
eval/rl_ts_service_rate,449982,0.7916991114616394,1775503027.5959086
eval/rl_ts_service_rate,499980,0.8028734922409058,1775503129.088448
eval/rl_ts_service_rate,549978,0.8088433742523193,1775503231.6336334
eval/rl_ts_service_rate,599976,0.8001062870025635,1775503328.8669546
eval/rl_ts_service_rate,649974,0.8081062436103821,1775503423.4788296
eval/rl_ts_service_rate,699972,0.8046815395355225,1775503519.9481604
eval/rl_ts_service_rate,749970,0.7966570854187012,1775503611.6457431
eval/rl_ts_service_rate,799968,0.8157222270965576,1775503703.9406497
eval/rl_ts_service_rate,849966,0.8049807548522949,1775503803.153887
eval/rl_ts_service_rate,899964,0.8068735003471375,1775503899.0955021
eval/rl_ts_service_rate,949962,0.8040497899055481,1775504002.3319468
eval/rl_ts_service_rate,999960,0.8083245158195496,1775504103.325975
eval/rl_ts_ts_improvements,49998,137.0,1775502268.0517726
eval/rl_ts_ts_improvements,99996,114.0,1775502368.4251804
eval/rl_ts_ts_improvements,149994,106.33333587646484,1775502463.8774703
eval/rl_ts_ts_improvements,199992,113.0,1775502556.7511625
eval/rl_ts_ts_improvements,249990,112.33333587646484,1775502649.0254278
eval/rl_ts_ts_improvements,299988,108.33333587646484,1775502742.6073267
eval/rl_ts_ts_improvements,349986,111.66666412353516,1775502833.0092983
eval/rl_ts_ts_improvements,399984,105.33333587646484,1775502929.9531548
eval/rl_ts_ts_improvements,449982,108.66666412353516,1775503027.5959198
eval/rl_ts_ts_improvements,499980,106.66666412353516,1775503129.088459
eval/rl_ts_ts_improvements,549978,103.66666412353516,1775503231.6336448
eval/rl_ts_ts_improvements,599976,101.0,1775503328.866966
eval/rl_ts_ts_improvements,649974,113.0,1775503423.4788518
eval/rl_ts_ts_improvements,699972,106.33333587646484,1775503519.948172
eval/rl_ts_ts_improvements,749970,106.33333587646484,1775503611.645754
eval/rl_ts_ts_improvements,799968,103.0,1775503703.940661
eval/rl_ts_ts_improvements,849966,109.33333587646484,1775503803.1538987
eval/rl_ts_ts_improvements,899964,102.0,1775503899.0955133
eval/rl_ts_ts_improvements,949962,108.0,1775504002.331958
eval/rl_ts_ts_improvements,999960,101.0,1775504103.3259861
eval/standalone_mean_wait,49998,10.725748062133789,1775502268.051784
eval/standalone_mean_wait,99996,9.281449317932129,1775502368.4251916
eval/standalone_mean_wait,149994,9.093132972717285,1775502463.8774815
eval/standalone_mean_wait,199992,9.706319808959961,1775502556.751174
eval/standalone_mean_wait,249990,8.708833694458008,1775502649.025439
eval/standalone_mean_wait,299988,8.917021751403809,1775502742.6073382
eval/standalone_mean_wait,349986,8.805513381958008,1775502833.0093098
eval/standalone_mean_wait,399984,9.01718521118164,1775502929.9531658
eval/standalone_mean_wait,449982,8.656517028808594,1775503027.5959313
eval/standalone_mean_wait,499980,8.221090316772461,1775503129.08847
eval/standalone_mean_wait,549978,8.513704299926758,1775503231.6336567
eval/standalone_mean_wait,599976,8.797163963317871,1775503328.866977
eval/standalone_mean_wait,649974,8.40218734741211,1775503423.478875
eval/standalone_mean_wait,699972,8.279153823852539,1775503519.9481833
eval/standalone_mean_wait,749970,8.125866889953613,1775503611.6457653
eval/standalone_mean_wait,799968,7.936886787414551,1775503703.9406722
eval/standalone_mean_wait,849966,8.101516723632812,1775503803.1539106
eval/standalone_mean_wait,899964,7.841233253479004,1775503899.0955245
eval/standalone_mean_wait,949962,8.162633895874023,1775504002.331969
eval/standalone_mean_wait,999960,7.858943462371826,1775504103.3259974
eval/standalone_rejected,49998,49.33333206176758,1775502268.0517955
eval/standalone_rejected,99996,50.33333206176758,1775502368.4252028
eval/standalone_rejected,149994,48.33333206176758,1775502463.877493
eval/standalone_rejected,199992,46.0,1775502556.7511852
eval/standalone_rejected,249990,48.66666793823242,1775502649.0254505
eval/standalone_rejected,299988,48.66666793823242,1775502742.607349
eval/standalone_rejected,349986,48.33333206176758,1775502833.0093203
eval/standalone_rejected,399984,49.0,1775502929.9531767
eval/standalone_rejected,449982,49.0,1775503027.5959425
eval/standalone_rejected,499980,50.66666793823242,1775503129.0884812
eval/standalone_rejected,549978,50.66666793823242,1775503231.6336687
eval/standalone_rejected,599976,50.0,1775503328.8669887
eval/standalone_rejected,649974,50.33333206176758,1775503423.478899
eval/standalone_rejected,699972,51.0,1775503519.9481947
eval/standalone_rejected,749970,52.66666793823242,1775503611.6457763
eval/standalone_rejected,799968,50.66666793823242,1775503703.9406838
eval/standalone_rejected,849966,50.66666793823242,1775503803.1539223
eval/standalone_rejected,899964,51.0,1775503899.0955355
eval/standalone_rejected,949962,50.0,1775504002.3319802
eval/standalone_rejected,999960,52.0,1775504103.3260083
eval/standalone_service_rate,49998,0.8485081791877747,1775502268.0519454
eval/standalone_service_rate,99996,0.8453852534294128,1775502368.4253445
eval/standalone_service_rate,149994,0.8515759110450745,1775502463.8776014
eval/standalone_service_rate,199992,0.8586963415145874,1775502556.7513785
eval/standalone_service_rate,249990,0.8503431677818298,1775502649.0255864
eval/standalone_service_rate,299988,0.8502879738807678,1775502742.607488
eval/standalone_service_rate,349986,0.8514667749404907,1775502833.0094774
eval/standalone_service_rate,399984,0.8494661450386047,1775502929.9533267
eval/standalone_service_rate,449982,0.8492735624313354,1775503027.5960503
eval/standalone_service_rate,499980,0.844125509262085,1775503129.088618
eval/standalone_service_rate,549978,0.844316840171814,1775503231.6338592
eval/standalone_service_rate,599976,0.8463714122772217,1775503328.8670964
eval/standalone_service_rate,649974,0.8454404473304749,1775503423.4809182
eval/standalone_service_rate,699972,0.8431392908096313,1775503519.9483275
eval/standalone_service_rate,749970,0.8380734324455261,1775503611.64593
eval/standalone_service_rate,799968,0.8441794514656067,1775503703.9407988
eval/standalone_service_rate,849966,0.8442628979682922,1775503803.1540723
eval/standalone_service_rate,899964,0.8431662917137146,1775503899.09568
eval/standalone_service_rate,949962,0.8463187217712402,1775504002.3321154
eval/standalone_service_rate,999960,0.8401267528533936,1775504103.3261566
eval/synergy_gap_wait,49998,5.487673282623291,1775502268.0523362
eval/synergy_gap_wait,99996,4.985235691070557,1775502368.42576
eval/synergy_gap_wait,149994,5.287655353546143,1775502463.8780506
eval/synergy_gap_wait,199992,5.410441875457764,1775502556.7517495
eval/synergy_gap_wait,249990,4.671185493469238,1775502649.0259852
eval/synergy_gap_wait,299988,4.676852703094482,1775502742.607923
eval/synergy_gap_wait,349986,4.853180885314941,1775502833.0098865
eval/synergy_gap_wait,399984,4.333530902862549,1775502929.9537807
eval/synergy_gap_wait,449982,5.248396396636963,1775503027.5964394
eval/synergy_gap_wait,499980,4.24312162399292,1775503129.089013
eval/synergy_gap_wait,549978,4.307930946350098,1775503231.634232
eval/synergy_gap_wait,599976,4.855505466461182,1775503328.8675601
eval/synergy_gap_wait,649974,4.227389335632324,1775503423.4815352
eval/synergy_gap_wait,699972,4.2299652099609375,1775503519.948727
eval/synergy_gap_wait,749970,4.533883094787598,1775503611.6463716
eval/synergy_gap_wait,799968,3.699191093444824,1775503703.941216
eval/synergy_gap_wait,849966,3.8655900955200195,1775503803.154541
eval/synergy_gap_wait,899964,3.434830665588379,1775503899.096078
eval/synergy_gap_wait,949962,4.2291035652160645,1775504002.334586
eval/synergy_gap_wait,999960,3.9198224544525146,1775504103.3265693
